host_id,hostname,n_planets,avg_pl_rade,avg_pl_bmasse
1555,KOI-351,8,3.9,31.149
4279,TRAPPIST-1,7,0.979,0.921
399,HD 10180,6,6.677,1587.701
441,HD 110067,6,2.431,6.308
646,HD 191939,6,6.59,176.974
714,HD 219134,6,3.669,25.24
798,HD 34445,6,8.855,86.687
989,HIP 41378,6,4.254,7.815
1077,K2-138,6,2.584,6.042
1678,Kepler-11,6,2.967,7.85
2661,Kepler-20,6,2.293,9.387
3303,Kepler-80,6,1.813,747.391
3785,TOI-1136,6,3.052,6.59
3894,TOI-178,6,2.218,4.052
29,55 Cnc,5,8.975,320.749
218,GJ 667 C,5,1.782,3.896
429,HD 108236,5,2.265,5.918
498,HD 134606,5,3.5,14.634
567,HD 158259,5,2.076,5.09
744,HD 23472,5,1.315,2.754
813,HD 40307,5,2.345,969.04
1209,K2-268,5,1.848,4.264
1312,K2-384,5,1.445,2.708
1590,Kepler-102,5,1.042,2.96
1812,Kepler-122,5,2.952,20.852
1999,Kepler-139,5,5.677,87.2
2122,Kepler-150,5,2.898,9.262
2166,Kepler-154,5,2.41,6.912
2327,Kepler-169,5,1.674,3.638
2512,Kepler-186,5,1.232,1.948
2705,Kepler-238,5,2.958,732.768
2765,Kepler-292,5,2.008,4.878
2769,Kepler-296,5,1.806,3.95
2795,Kepler-32,5,1.844,495.024
2806,Kepler-33,5,3.754,4.63
2931,Kepler-444,5,0.543,0.15
2960,Kepler-48,5,6.766,196.412
3033,Kepler-55,5,1.874,24.424
3111,Kepler-62,5,1.364,19.6
3324,Kepler-82,5,3.698,237.214
3346,Kepler-84,5,2.154,15.086
3519,L 98-59,5,1.353,1.944
43,AU Mic,4,3.092,12.968
71,Barnard's star,4,0.699,0.273
115,DMPP-1,4,2.965,10.338
185,GJ 3293,4,3.59,13.877
220,GJ 676 A,4,7.338,1534.873
232,GJ 876,4,8.433,242.91
519,HD 141399,4,13.925,287.716
573,HD 160691,4,3.17,1250.019
583,HD 164922,4,5.505,35.88
676,HD 20781,4,2.615,7.975
680,HD 20794,4,1.95,4.522
700,HD 215152,4,,695.011
788,HD 3167,4,2.355,7.21
1036,HR 8799,4,13.029,2794.575
1074,K2-133,4,1.669,3.468
1127,K2-187,4,1.725,3.757
1208,K2-266,4,2.416,8.689
1228,K2-285,4,2.637,10.64
1249,K2-32,4,3.282,7.975
1377,K2-72,4,1.135,1.538
1563,KOI-94,4,5.965,41.775
1568,Kepler-100,4,2.605,9.551
1634,Kepler-106,4,1.708,8.752
1645,Kepler-107,4,1.724,8.9
1922,Kepler-132,4,1.305,2.22
1988,Kepler-138,4,1.114,1.225
1997,Kepler-1388,4,2.542,7.03
2169,Kepler-1542,4,0.76,0.381
2277,Kepler-164,4,2.708,8.435
2305,Kepler-167,4,3.697,82.527
2358,Kepler-172,4,2.555,7.103
2402,Kepler-176,4,1.998,73.527
2633,Kepler-197,4,1.095,2.253
2647,Kepler-1987,4,1.785,4.07
2672,Kepler-208,4,1.425,2.615
2680,Kepler-215,4,1.883,8.588
2686,Kepler-220,4,1.173,1.695
2687,Kepler-221,4,2.5,6.683
2689,Kepler-223,4,4.067,6.325
2690,Kepler-224,4,2.195,5.715
2702,Kepler-235,4,1.945,4.55
2707,Kepler-24,4,2.328,85.325
2713,Kepler-245,4,2.382,500.36
2720,Kepler-251,4,2.41,6.657
2725,Kepler-256,4,2.143,5.312
2729,Kepler-26,4,2.245,4.737
2735,Kepler-265,4,2.393,6.377
2750,Kepler-279,4,3.788,1080.957
2754,Kepler-282,4,1.942,30.02
2758,Kepler-286,4,1.427,2.657
2761,Kepler-289,4,4.923,45.903
2772,Kepler-299,4,1.925,4.522
2778,Kepler-304,4,2.245,5.942
2779,Kepler-305,4,2.863,6.643
2780,Kepler-306,4,2.152,5.367
2800,Kepler-324,4,1.865,664.461
2815,Kepler-338,4,2.335,13.613
2819,Kepler-341,4,1.68,3.498
2820,Kepler-342,4,1.895,4.391
2850,Kepler-37,4,0.866,3.047
2887,Kepler-402,4,1.405,2.56
2897,Kepler-411,4,3.355,19.5
2969,Kepler-49,4,2.046,63.793
2989,Kepler-51,4,6.995,4.775
3066,Kepler-58,4,2.547,232.91
3142,Kepler-65,4,4.855,67.985
3175,Kepler-68,4,7.109,90.695
3256,Kepler-758,4,1.955,4.577
3291,Kepler-79,4,4.46,6.725
3356,Kepler-85,4,1.556,3.322
3794,TOI-1203,4,3.487,14.615
3803,TOI-1246,4,3.102,9.275
3936,TOI-2076,4,2.718,25.625
4085,TOI-4010,4,7.107,190.365
4142,TOI-500,4,3.399,13.655
4186,TOI-561,4,2.349,8.42
4200,TOI-5789,4,2.365,5.755
4243,TOI-700,4,1.385,2.51
4301,V1298 Tau,4,8.061,174.806
4425,WASP-47,4,6.113,211.375
4531,rho CrB,4,6.548,100.244
4533,tau Cet,4,1.498,2.86
21,2MASS J19383260+4603591,3,13.467,558.32
26,47 UMa,3,13.633,498.974
32,61 Vir,3,3.893,15.4
110,CoRoT-7,3,2.94,9.873
128,EPIC 206024342,3,1.9,4.447
147,EPIC 249893012,3,3.187,11.2
156,GJ 1061,3,1.147,1.583
167,GJ 163,3,3.89,15.6
169,GJ 180,3,2.5,6.817
181,GJ 3138,3,2.097,5.487
193,GJ 357,3,1.733,3.78
195,GJ 367,3,1.63,3.598
201,GJ 3998,3,2.077,5.13
206,GJ 433,3,3.58,14.563
215,GJ 581,3,2.89,9.93
242,GJ 9827,3,1.517,3.053
460,HD 11506,3,13.067,1915.446
479,HD 125612,3,9.99,1080.723
505,HD 136352,3,2.381,8.26
521,HD 142,3,12.0,1934.622
551,HD 153557,3,7.01,2921.161
624,HD 181433,3,13.2,1591.261
628,HD 184010,3,12.733,112.299
668,HD 204313,3,9.803,2117.373
732,HD 224018,3,1.91,6.233
738,HD 22946,3,2.099,16.667
765,HD 27894,3,11.68,770.628
767,HD 28109,3,3.31,7.067
772,HD 28471,3,2.023,4.783
787,HD 31527,3,3.51,12.15
793,HD 33142,3,12.307,248.966
804,HD 37124,3,14.033,214.323
810,HD 39091,3,6.013,1499.464
811,HD 39194,3,2.017,4.767
823,HD 42813,3,2.166,6.247
841,HD 48948,3,2.633,7.58
864,HD 63433,3,1.968,12.848
879,HD 69830,3,3.693,13.367
888,HD 73344,3,9.861,313.164
904,HD 7924,3,,1796.366
943,HD 93385,3,2.443,6.667
958,HD 96700,3,2.743,8.367
980,HIP 14810,3,13.567,614.471
999,HIP 57274,3,14.2,1218.949
1035,HR 858,3,1.995,4.817
1075,K2-136,3,1.86,8.467
1084,K2-148,3,1.567,3.1
1092,K2-155,3,2.1,5.143
1094,K2-157,3,4.058,18.413
1097,K2-16,3,1.863,4.27
1103,K2-165,3,1.826,4.233
1123,K2-183,3,1.9,4.39
1130,K2-19,3,4.07,17.733
1139,K2-198,3,2.683,8.477
1162,K2-219,3,1.787,4.067
1177,K2-233,3,1.65,5.767
1180,K2-239,3,1.067,1.237
1240,K2-3,3,1.706,3.33
1283,K2-352,3,1.84,4.133
1294,K2-368,3,1.547,3.07
1296,K2-37,3,2.037,7.133
1309,K2-381,3,1.588,3.14
1362,K2-58,3,2.003,4.827
1384,K2-80,3,2.011,4.833
1421,KIC 10001893,3,,
1549,KOI-142,3,10.179,396.249
1561,KOI-7892,3,3.162,10.447
1567,Kepler-10,3,2.438,8.843
1612,Kepler-104,3,3.27,10.762
1649,Kepler-1073,3,1.809,4.017
1713,Kepler-1130,3,0.746,0.354
1723,Kepler-114,3,1.797,2.597
1834,Kepler-124,3,1.197,1.812
1850,Kepler-1254,3,1.387,2.51
1856,Kepler-126,3,1.867,19.996
1867,Kepler-127,3,2.233,5.853
1889,Kepler-129,3,5.84,900.325
1900,Kepler-130,3,1.853,4.373
1913,Kepler-1311,3,4.039,23.85
1924,Kepler-1321,3,3.316,11.753
2033,Kepler-142,3,2.337,6.16
2086,Kepler-1468,3,2.071,5.447
2099,Kepler-148,3,4.693,24.263
2110,Kepler-149,3,3.26,11.54
2156,Kepler-1530,3,2.19,5.83
2199,Kepler-157,3,1.673,3.56
2210,Kepler-158,3,1.483,3.152
2233,Kepler-160,3,2.737,39.063
2295,Kepler-166,3,2.127,5.223
2304,Kepler-1669,3,1.967,4.8
2347,Kepler-171,3,2.263,5.797
2380,Kepler-174,3,1.88,4.253
2424,Kepler-178,3,3.243,10.733
2446,Kepler-18,3,4.823,13.533
2490,Kepler-184,3,2.273,7.243
2556,Kepler-19,3,3.65,13.9
2567,Kepler-191,3,1.827,4.1
2578,Kepler-192,3,2.183,5.73
2600,Kepler-194,3,2.167,5.487
2622,Kepler-196,3,2.267,5.827
2639,Kepler-198,3,2.273,5.99
2667,Kepler-203,3,2.16,263.643
2670,Kepler-206,3,1.387,2.487
2671,Kepler-207,3,2.127,5.65
2682,Kepler-217,3,1.8,3.993
2683,Kepler-218,3,2.427,6.783
2684,Kepler-219,3,3.113,13.537
2688,Kepler-222,3,3.83,14.233
2692,Kepler-226,3,1.68,23.727
2694,Kepler-228,3,2.757,8.703
2695,Kepler-229,3,3.657,13.727
2696,Kepler-23,3,2.283,4.937
2712,Kepler-244,3,2.373,9.37
2715,Kepler-247,3,3.223,11.243
2717,Kepler-249,3,1.39,2.433
2718,Kepler-25,3,5.988,31.933
2719,Kepler-250,3,1.863,4.24
2722,Kepler-253,3,2.483,7.0
2723,Kepler-254,3,2.84,8.1
2724,Kepler-255,3,1.953,4.847
2726,Kepler-257,3,4.323,18.073
2737,Kepler-267,3,2.127,16.283
2740,Kepler-27,3,3.869,2429.653
2742,Kepler-271,3,0.947,1.023
2743,Kepler-272,3,1.823,60.497
2746,Kepler-275,3,3.017,9.527
2747,Kepler-276,3,2.857,254.703
2753,Kepler-281,3,4.689,379.708
2760,Kepler-288,3,2.397,6.513
2763,Kepler-290,3,1.937,4.669
2768,Kepler-295,3,1.25,2.037
2771,Kepler-298,3,2.13,5.227
2773,Kepler-30,3,8.333,224.8
2775,Kepler-301,3,1.483,2.83
2784,Kepler-31,3,4.9,1230.562
2785,Kepler-310,3,2.347,6.737
2786,Kepler-311,3,1.727,3.673
2794,Kepler-319,3,2.183,5.52
2801,Kepler-325,3,2.747,7.997
2802,Kepler-326,3,1.377,22.967
2803,Kepler-327,3,1.29,8.45
2808,Kepler-331,3,1.767,3.78
2809,Kepler-332,3,1.147,1.597
2811,Kepler-334,3,1.32,2.22
2813,Kepler-336,3,1.83,4.103
2816,Kepler-339,3,1.247,8.2
2825,Kepler-347,3,2.253,5.91
2829,Kepler-350,3,2.583,12.633
2830,Kepler-351,3,2.99,7.917
2831,Kepler-352,3,0.969,1.028
2833,Kepler-354,3,1.463,2.793
2836,Kepler-357,3,2.647,7.75
2838,Kepler-359,3,3.947,5.933
2843,Kepler-363,3,1.633,24.303
2853,Kepler-372,3,1.713,3.647
2855,Kepler-374,3,1.147,1.573
2863,Kepler-381,3,1.059,1.209
2867,Kepler-385,3,2.796,11.12
2877,Kepler-394,3,1.587,3.147
2881,Kepler-398,3,0.94,0.791
2882,Kepler-399,3,1.427,2.567
2886,Kepler-401,3,2.043,4.87
2888,Kepler-403,3,1.473,2.803
2902,Kepler-416,3,2.147,22.517
2906,Kepler-42,3,0.693,20.467
2917,Kepler-431,3,0.847,0.67
2932,Kepler-445,3,1.78,4.023
2933,Kepler-446,3,1.32,2.22
2937,Kepler-450,3,3.199,16.5
2940,Kepler-454,3,9.523,724.33
2941,Kepler-46,3,8.066,676.61
2950,Kepler-47,3,4.913,8.087
2967,Kepler-487,3,5.625,7.885
3000,Kepler-52,3,1.963,89.759
3010,Kepler-529,3,2.218,5.667
3011,Kepler-53,3,2.727,61.397
3022,Kepler-54,3,1.62,4.592
3032,Kepler-549,3,3.233,12.103
3044,Kepler-56,3,9.703,662.367
3089,Kepler-60,3,1.867,4.067
3093,Kepler-603,3,3.49,14.77
3107,Kepler-616,3,2.831,8.5
3110,Kepler-619,3,3.007,9.933
3262,Kepler-763,3,1.437,2.67
3270,Kepler-770,3,1.633,3.437
3313,Kepler-81,3,2.0,7.807
3335,Kepler-83,3,2.377,3.023
3407,Kepler-9,3,6.003,27.238
3429,Kepler-92,3,2.726,27.422
3482,Kepler-968,3,2.09,6.393
3522,LHS 1678,3,0.869,0.886
3529,LP 791-18,3,1.561,3.313
3733,PSR B1257+12,3,1.349,2.74
3782,TOI-1117,3,2.88,9.463
3806,TOI-125,3,2.805,9.91
3808,TOI-1260,3,2.763,11.2
3809,TOI-1266,3,2.08,3.77
3884,TOI-1749,3,2.01,28.667
3949,TOI-2141,3,3.156,13.713
4023,TOI-270,3,1.87,3.96
4098,TOI-431,3,2.02,5.267
4114,TOI-4504,3,9.129,551.756
4116,TOI-451,3,3.027,9.903
4235,TOI-663,3,2.15,4.433
4245,TOI-712,3,2.408,6.43
4250,TOI-7510,3,9.547,113.033
4287,Teegarden's Star,3,1.008,1.01
4334,WASP-132,3,8.247,594.095
4491,Wolf 1061,3,1.853,4.34
4503,YZ Cet,3,0.998,0.977
4535,ups And,3,12.933,2639.838
4,14 Her,2,12.75,2078.28
10,24 Sex,2,13.65,452.89
30,55 Cnc B,2,1.925,4.4
33,7 CMa,2,13.65,432.249
35,75 Cet,2,13.6,538.878
49,BD+20 2457,2,12.25,5385.4
61,BD-06 1339,2,8.38,788.017
62,BD-08 2823,2,12.5,1526.247
64,BD-11 4672,2,9.07,110.98
68,BD-210397,2,13.45,869.788
91,CoRoT-20,2,10.808,3384.889
95,CoRoT-24,2,4.35,16.85
125,EPIC 201595106,2,2.792,11.45
130,EPIC 206042996,2,1.45,2.7
132,EPIC 206317286,2,1.527,2.935
135,EPIC 212297394,2,1.875,4.28
138,EPIC 212587672,2,1.79,4.06
139,EPIC 212624936,2,1.75,3.885
140,EPIC 212737443,2,2.638,7.45
142,EPIC 220674823,2,2.258,7.56
149,G 192-15,2,2.445,7.665
152,G 264-012,2,1.575,3.125
155,GJ 1002,2,1.065,1.22
157,GJ 1132,2,1.311,2.239
158,GJ 1148,2,10.805,82.38
164,GJ 143,2,1.751,13.2
165,GJ 15 A,2,4.11,19.515
170,GJ 2030,2,7.165,2036.962
173,GJ 229,2,3.42,11.76
175,GJ 251,2,1.795,3.865
177,GJ 273,2,1.285,2.035
182,GJ 317,2,13.45,624.497
184,GJ 328,2,9.105,409.575
186,GJ 3323,2,1.275,2.165
191,GJ 3473,2,1.947,4.635
192,GJ 3512,2,14.3,145.248
197,GJ 3929,2,1.675,3.73
202,GJ 411,2,2.605,8.145
203,GJ 414 A,2,5.515,30.715
214,GJ 536,2,2.355,6.13
222,GJ 682,2,2.41,6.55
224,GJ 687,2,4.23,16.6
228,GJ 806,2,1.805,3.85
230,GJ 849,2,13.85,299.235
233,GJ 887,2,2.275,5.9
258,HAT-P-11,2,8.78,438.39
260,HAT-P-13,2,13.279,2404.441
264,HAT-P-17,2,12.435,632.471
267,HAT-P-2,2,11.53,3133.788
294,HAT-P-44,2,13.461,691.586
375,HATS-59,2,12.461,2146.306
404,HD 102329,2,13.05,1538.297
414,HD 104067,2,6.445,37.65
417,HD 105618,2,8.67,4222.509
421,HD 106315,2,3.395,13.9
426,HD 107148,2,7.15,43.319
432,HD 108874,2,13.7,382.979
434,HD 109271,2,4.79,20.658
438,HD 109833,2,2.739,7.955
443,HD 110113,2,2.082,7.525
446,HD 111232,2,12.4,4136.219
452,HD 113337,2,12.6,3667.74
453,HD 113538,2,13.5,204.99
458,HD 114783,2,13.55,476.737
461,HD 115404 A,2,9.295,1655.25
463,HD 116029,2,13.65,424.303
467,HD 118203,2,12.589,2213.675
468,HD 11964,2,9.74,111.5
472,HD 12235,2,7.865,1573.092
482,HD 12661,2,13.25,835.891
485,HD 128311,2,13.25,883.25
495,HD 133131 A,2,13.95,292.404
497,HD 134060,2,4.535,19.695
499,HD 134987,2,13.7,385.853
510,HD 137496,2,6.955,1219.303
511,HD 13808,2,3.24,10.58
512,HD 13908,2,13.35,952.655
517,HD 140901,2,8.735,293.832
532,HD 1461,2,2.325,6.015
533,HD 147018,2,13.05,1377.0
537,HD 147873,2,13.05,1182.328
539,HD 148164,2,13.25,1015.467
546,HD 151450,2,9.87,837.319
549,HD 152843,2,4.495,9.745
550,HD 15337,2,2.148,6.655
557,HD 154857,2,13.25,799.327
559,HD 155358,2,13.85,287.826
560,HD 155918,2,7.735,942.838
561,HD 156098,2,8.46,838.749
562,HD 156279,2,12.5,3048.292
564,HD 156668,2,4.02,17.823
569,HD 15906,2,2.585,7.28
570,HD 159243,2,13.55,481.515
571,HD 159868,2,13.65,474.52
572,HD 1605,2,13.4,723.699
578,HD 163607,2,13.6,474.298
592,HD 168443,2,12.4,3962.367
598,HD 169830,2,12.9,1620.925
610,HD 176986,2,,1792.87
612,HD 177830,2,10.685,292.403
623,HD 18143,2,7.89,1594.227
626,HD 183263,2,12.8,2031.082
634,HD 187123,2,13.7,539.193
638,HD 189567,2,2.695,7.75
642,HD 190360,2,8.995,295.58
648,HD 192310,2,4.76,20.45
653,HD 196067,2,7.805,1816.822
659,HD 20003,2,3.66,13.05
660,HD 200964,2,13.6,447.028
662,HD 202696,2,,613.412
666,HD 203387,2,12.85,1742.494
674,HD 206893,2,15.188,6467.808
678,HD 207832,2,14.1,205.0
697,HD 213885,2,3.228,14.39
702,HD 215497,2,13.0,850.032
705,HD 216520,2,3.105,9.85
708,HD 21693,2,3.57,12.8
709,HD 217107,2,13.25,921.703
710,HD 217786,2,7.455,2204.935
718,HD 219828,2,8.395,2560.743
739,HD 23079,2,8.0,426.842
751,HD 24040,2,11.125,826.513
756,HD 25463,2,1.954,6.5
758,HD 25912,2,9.55,2645.445
759,HD 260655,2,1.386,2.615
768,HD 28185,2,12.45,4048.498
781,HD 30177,2,12.65,2312.678
797,HD 33844,2,13.45,597.52
800,HD 35843,2,2.415,8.58
805,HD 37605,2,13.15,934.42
808,HD 38529,2,13.3,1752.824
820,HD 4203,2,13.3,699.21
826,HD 43197,2,13.4,1338.217
829,HD 45184,2,3.215,10.5
831,HD 45364,2,11.615,117.326
835,HD 47186,2,9.01,66.834
836,HD 4732,2,13.25,850.35
837,HD 47366,2,13.45,572.727
844,HD 50499,2,13.35,725.606
846,HD 51608,2,3.745,13.54
848,HD 5278,2,3.47,13.1
849,HD 5319,2,13.65,414.609
859,HD 60532,2,13.55,567.327
861,HD 62364,2,12.05,6944.551
867,HD 63935,2,2.99,10.8
871,HD 65216,2,13.5,528.392
873,HD 66428,2,12.95,2019.8
874,HD 67087,2,13.0,1256.5
877,HD 68988,2,12.8,2701.543
884,HD 72659,2,12.65,3557.771
887,HD 73267,2,12.9,1476.154
889,HD 73526,2,13.2,847.003
891,HD 73583,2,2.59,9.95
892,HD 74156,2,13.0,1643.173
894,HD 74698,2,9.56,74.5
897,HD 75784,2,13.3,1055.196
898,HD 75898,2,12.9,1754.413
907,HD 80653,2,7.207,862.586
913,HD 81817,2,12.0,7427.173
915,HD 82943,2,13.45,578.427
917,HD 83443,2,13.85,302.255
923,HD 86226,2,8.23,75.137
929,HD 87816,2,12.55,3009.835
940,HD 92788,2,13.0,1180.738
942,HD 93351,2,6.995,2078.757
944,HD 93963 A,2,2.295,10.6
945,HD 9446,2,13.7,400.449
948,HD 94890,2,12.9,1754.413
950,HD 95089,2,13.4,748.49
968,HD 99492,2,4.93,21.7
969,HD 99706,2,13.25,1099.692
975,HIP 111909,2,13.8,321.007
976,HIP 113103,2,2.115,5.175
987,HIP 38594,2,5.355,28.25
992,HIP 5158,2,12.9,2615.582
993,HIP 54373,2,3.22,10.53
998,HIP 56998,2,0.973,0.882
1003,HIP 65407,2,14.1,192.605
1007,HIP 67522,2,8.962,59.85
1009,HIP 67851,2,13.2,1285.139
1019,HIP 8152,2,2.53,9.8
1020,HIP 8541,2,13.25,1353.631
1026,HIP 9618,2,3.628,7.65
1027,HIP 97166,2,2.615,13.55
1038,HU Aqr,2,12.85,1652.716
1052,K2-111,2,2.575,8.33
1057,K2-117,2,2.045,4.84
1081,K2-141,2,4.255,6.485
1082,K2-146,2,2.12,6.63
1091,K2-154,2,2.03,4.78
1095,K2-158,2,1.96,4.82
1104,K2-166,2,1.705,3.705
1106,K2-168,2,1.585,3.195
1109,K2-170,2,1.61,3.25
1111,K2-172,2,2.436,6.91
1119,K2-18,2,2.51,8.215
1125,K2-185,2,1.77,3.95
1128,K2-188,2,2.09,5.395
1129,K2-189,2,1.857,4.25
1131,K2-190,2,1.225,1.875
1136,K2-195,2,2.853,8.56
1140,K2-199,2,2.29,9.65
1142,K2-201,2,2.343,6.67
1152,K2-21,2,2.165,5.4
1167,K2-223,2,1.195,1.75
1168,K2-224,2,1.985,4.72
1173,K2-229,2,1.515,4.775
1181,K2-24,2,6.45,17.2
1182,K2-240,2,1.9,4.275
1185,K2-243,2,2.09,5.025
1189,K2-247,2,2.155,5.285
1197,K2-254,2,1.91,4.36
1206,K2-264,2,2.45,6.605
1212,K2-270,2,2.165,5.745
1217,K2-275,2,2.275,5.8
1225,K2-282,2,2.05,4.995
1234,K2-290,2,7.168,128.45
1245,K2-316,2,1.58,3.17
1260,K2-331,2,2.255,5.855
1273,K2-343,2,1.835,4.05
1278,K2-348,2,2.965,9.155
1280,K2-35,2,1.625,3.34
1281,K2-350,2,2.14,5.47
1290,K2-36,2,2.315,6.1
1301,K2-374,2,1.903,4.345
1307,K2-38,2,1.915,7.8
1317,K2-389,2,2.185,5.43
1324,K2-395,2,2.996,9.33
1325,K2-396,2,2.352,6.525
1327,K2-398,2,3.686,14.295
1336,K2-407,2,1.321,2.305
1341,K2-413,2,0.996,1.206
1342,K2-414,2,1.574,3.18
1348,K2-43,2,3.465,12.47
1355,K2-5,2,2.085,5.02
1356,K2-50,2,1.295,2.061
1363,K2-59,2,2.355,6.145
1367,K2-62,2,2.005,4.68
1368,K2-63,2,3.56,12.5
1378,K2-73,2,7.79,575.6
1380,K2-75,2,2.72,7.855
1383,K2-8,2,2.995,9.445
1386,K2-83,2,1.364,2.44
1387,K2-84,2,2.22,5.585
1394,K2-90,2,1.95,4.755
1399,K2-99,2,12.241,1473.135
1417,KELT-6,2,13.786,672.21
1426,KIC 5437945,2,5.96,29.85
1430,KIC 9663113,2,4.4,17.8
1487,KMT-2020-BLG-0414L,2,6.55,4291.618
1499,KMT-2021-BLG-1077L,2,10.23,74.69
1520,KMT-2022-BLG-1818L,2,13.1,692.866
1537,KMT-2024-BLG-0404L,2,8.115,4337.473
1544,KOBE-1,2,3.235,10.6
1545,KOI-12,2,12.894,3670.937
1548,KOI-134,2,10.949,208.178
1550,KOI-1599,2,1.9,6.8
1551,KOI-1783,2,7.15,43.0
1554,KOI-3503,2,1.2,9.78
1559,KOI-55,2,0.813,0.547
1564,KOI-984,2,9.2,113.45
1570,Kepler-1001,2,2.364,6.605
1579,Kepler-101,2,3.51,27.44
1586,Kepler-1016,2,2.93,9.245
1601,Kepler-103,2,4.47,35.07
1610,Kepler-1038,2,2.473,7.395
1620,Kepler-1047,2,1.54,2.978
1623,Kepler-105,2,1.985,8.2
1624,Kepler-1050,2,1.54,2.99
1626,Kepler-1052,2,2.615,7.405
1640,Kepler-1065,2,2.665,8.295
1642,Kepler-1067,2,1.273,2.069
1656,Kepler-108,2,8.415,53.45
1662,Kepler-1085,2,5.244,25.95
1663,Kepler-1086,2,2.69,7.745
1667,Kepler-109,2,2.57,6.55
1668,Kepler-1090,2,2.771,8.295
1671,Kepler-1093,2,1.955,4.48
1679,Kepler-110,2,2.02,4.765
1690,Kepler-111,2,4.332,112.8
1701,Kepler-112,2,2.38,6.26
1708,Kepler-1126,2,1.59,3.17
1711,Kepler-1129,2,2.845,8.48
1712,Kepler-113,2,2.0,10.2
1727,Kepler-1143,2,2.635,8.015
1734,Kepler-115,2,1.845,4.295
1739,Kepler-1154,2,2.35,6.125
1745,Kepler-116,2,2.86,8.75
1748,Kepler-1162,2,2.01,4.725
1751,Kepler-1165,2,2.455,7.11
1756,Kepler-117,2,10.2,307.327
1767,Kepler-118,2,4.82,25.1
1769,Kepler-1181,2,1.7,3.55
1778,Kepler-119,2,2.26,6.66
1790,Kepler-120,2,1.84,5.73
1801,Kepler-121,2,2.305,5.925
1823,Kepler-123,2,2.21,29.045
1840,Kepler-1245,2,1.44,2.67
1845,Kepler-125,2,1.555,3.27
1863,Kepler-1266,2,2.13,5.32
1878,Kepler-128,2,1.471,3.585
1911,Kepler-131,2,1.625,12.19
1914,Kepler-1312,2,1.564,3.065
1917,Kepler-1315,2,1.612,3.27
1925,Kepler-1322,2,1.882,4.255
1933,Kepler-133,2,2.3,6.1
1940,Kepler-1336,2,1.845,4.075
1944,Kepler-134,2,1.63,3.395
1955,Kepler-135,2,1.485,2.79
1956,Kepler-1350,2,2.125,5.27
1966,Kepler-136,2,2.02,12.21
1972,Kepler-1365,2,0.86,0.579
1977,Kepler-137,2,1.675,3.475
1978,Kepler-1370,2,1.555,3.095
1979,Kepler-1371,2,0.685,0.256
2008,Kepler-1398,2,0.965,0.873
2011,Kepler-140,2,1.705,3.555
2022,Kepler-141,2,1.05,1.413
2044,Kepler-143,2,2.89,8.845
2055,Kepler-144,2,1.34,2.36
2066,Kepler-145,2,3.485,58.25
2077,Kepler-146,2,3.42,11.63
2082,Kepler-1464,2,1.33,2.181
2088,Kepler-147,2,1.98,4.72
2090,Kepler-1471,2,1.645,3.38
2107,Kepler-1487,2,5.05,26.94
2108,Kepler-1488,2,1.756,3.745
2109,Kepler-1489,2,1.14,1.933
2112,Kepler-1491,2,1.975,4.71
2133,Kepler-151,2,2.575,7.305
2137,Kepler-1513,2,9.797,66.426
2138,Kepler-1514,2,6.798,839.941
2142,Kepler-1518,2,2.975,9.14
2144,Kepler-152,2,2.59,7.25
2155,Kepler-153,2,2.725,7.895
2177,Kepler-155,2,2.165,5.335
2188,Kepler-156,2,2.425,6.47
2221,Kepler-159,2,2.895,8.88
2234,Kepler-1600,2,2.536,7.195
2244,Kepler-161,2,2.085,3.12
2245,Kepler-1610,2,1.85,4.12
2255,Kepler-162,2,2.145,5.78
2266,Kepler-163,2,1.655,3.445
2279,Kepler-1641,2,3.03,9.43
2280,Kepler-1642,2,2.93,8.93
2286,Kepler-1649,2,1.038,1.115
2287,Kepler-165,2,2.275,5.795
2294,Kepler-1656,2,9.287,87.1
2301,Kepler-1666,2,3.059,9.58
2316,Kepler-168,2,2.075,5.215
2331,Kepler-1693,2,1.133,1.552
2339,Kepler-170,2,3.03,45.575
2344,Kepler-1705,2,2.04,4.945
2369,Kepler-173,2,1.86,4.345
2391,Kepler-175,2,2.83,8.44
2413,Kepler-177,2,6.115,10.27
2435,Kepler-179,2,1.82,3.995
2447,Kepler-180,2,2.255,6.09
2449,Kepler-1801,2,2.81,8.3
2450,Kepler-1802,2,1.997,4.715
2457,Kepler-181,2,1.63,3.385
2462,Kepler-1814,2,2.065,4.98
2468,Kepler-182,2,3.005,9.39
2479,Kepler-183,2,2.165,20.3
2484,Kepler-1834,2,1.34,2.355
2501,Kepler-185,2,1.595,3.225
2511,Kepler-1859,2,1.622,3.26
2522,Kepler-1869,2,0.93,0.895
2523,Kepler-187,2,2.04,5.09
2534,Kepler-188,2,2.435,6.88
2545,Kepler-189,2,1.795,12.31
2550,Kepler-1894,2,1.206,1.895
2557,Kepler-190,2,1.51,2.89
2565,Kepler-1907,2,1.013,1.109
2580,Kepler-1921,2,2.152,5.645
2589,Kepler-193,2,2.57,7.15
2611,Kepler-195,2,1.79,3.9
2634,Kepler-1972,2,0.835,2.065
2650,Kepler-199,2,3.18,10.225
2651,Kepler-1990,2,2.125,5.802
2652,Kepler-1991,2,2.02,4.945
2657,Kepler-1996,2,2.535,7.015
2662,Kepler-200,2,1.86,4.165
2663,Kepler-2000,2,2.15,5.495
2664,Kepler-2001,2,1.43,2.545
2665,Kepler-201,2,2.655,7.56
2666,Kepler-202,2,1.74,3.685
2668,Kepler-204,2,2.16,5.4
2669,Kepler-205,2,1.575,3.11
2673,Kepler-209,2,2.68,7.765
2675,Kepler-210,2,3.28,10.88
2676,Kepler-211,2,1.275,10.215
2677,Kepler-212,2,1.915,4.635
2678,Kepler-213,2,1.98,4.67
2679,Kepler-214,2,2.37,6.25
2681,Kepler-216,2,2.695,7.8
2691,Kepler-225,2,1.52,2.955
2693,Kepler-227,2,3.075,9.665
2697,Kepler-230,2,3.15,10.81
2698,Kepler-231,2,1.83,29.75
2699,Kepler-232,2,3.455,11.845
2700,Kepler-233,2,2.57,7.14
2701,Kepler-234,2,3.605,12.65
2703,Kepler-236,2,1.785,3.875
2704,Kepler-237,2,1.745,3.775
2706,Kepler-239,2,2.42,6.445
2708,Kepler-240,2,1.785,52.375
2709,Kepler-241,2,2.45,6.585
2710,Kepler-242,2,2.305,5.99
2711,Kepler-243,2,2.22,5.595
2714,Kepler-246,2,1.92,4.47
2716,Kepler-248,2,3.545,12.49
2721,Kepler-252,2,1.69,3.655
2727,Kepler-258,2,3.835,14.1
2728,Kepler-259,2,2.75,8.0
2730,Kepler-260,2,1.875,4.19
2731,Kepler-261,2,2.09,5.025
2732,Kepler-262,2,1.5,2.875
2733,Kepler-263,2,2.57,7.135
2734,Kepler-264,2,3.08,9.75
2736,Kepler-266,2,3.185,10.555
2738,Kepler-268,2,2.965,9.22
2739,Kepler-269,2,2.08,5.08
2741,Kepler-270,2,1.89,4.24
2744,Kepler-273,2,1.74,3.72
2745,Kepler-274,2,1.69,3.515
2748,Kepler-277,2,3.14,75.75
2749,Kepler-278,2,3.611,45.45
2751,Kepler-28,2,1.908,1.845
2752,Kepler-280,2,1.73,3.7
2755,Kepler-283,2,1.975,4.575
2756,Kepler-284,2,2.425,6.485
2757,Kepler-285,2,1.23,1.91
2759,Kepler-287,2,2.795,74.5
2762,Kepler-29,2,2.445,4.75
2764,Kepler-291,2,2.02,4.75
2766,Kepler-293,2,3.45,11.82
2767,Kepler-294,2,2.24,5.79
2770,Kepler-297,2,4.705,45.3
2774,Kepler-300,2,1.96,4.56
2776,Kepler-302,2,8.255,15.5
2777,Kepler-303,2,1.015,1.095
2781,Kepler-307,2,2.315,5.54
2782,Kepler-308,2,2.14,5.225
2783,Kepler-309,2,2.035,4.95
2787,Kepler-312,2,2.22,6.155
2788,Kepler-313,2,2.55,7.035
2789,Kepler-314,2,1.865,4.624
2790,Kepler-315,2,3.96,14.9
2791,Kepler-316,2,1.11,1.425
2792,Kepler-317,2,1.905,56.705
2793,Kepler-318,2,4.195,16.5
2796,Kepler-320,2,1.255,2.0
2797,Kepler-321,2,2.045,4.885
2798,Kepler-322,2,1.34,2.22
2799,Kepler-323,2,1.476,5.35
2804,Kepler-328,2,3.85,33.95
2805,Kepler-329,2,1.665,3.46
2807,Kepler-330,2,1.65,3.425
2810,Kepler-333,2,1.215,14.805
2812,Kepler-335,2,3.23,10.52
2814,Kepler-337,2,1.795,3.925
2818,Kepler-340,2,2.95,9.12
2821,Kepler-343,2,2.215,5.565
2822,Kepler-344,2,2.78,8.165
2823,Kepler-345,2,0.97,1.34
2824,Kepler-346,2,2.865,8.6
2826,Kepler-348,2,1.425,2.625
2827,Kepler-349,2,1.93,49.5
2832,Kepler-353,2,1.135,1.56
2834,Kepler-355,2,2.085,5.265
2835,Kepler-356,2,1.69,3.51
2837,Kepler-358,2,2.785,8.175
2839,Kepler-36,2,2.588,5.48
2840,Kepler-360,2,1.875,4.21
2841,Kepler-361,2,1.985,4.8
2842,Kepler-362,2,1.165,1.658
2844,Kepler-364,2,1.85,4.145
2845,Kepler-365,2,1.84,4.075
2846,Kepler-366,2,1.625,3.295
2847,Kepler-367,2,1.25,2.055
2848,Kepler-368,2,3.57,12.5
2849,Kepler-369,2,1.27,2.04
2851,Kepler-370,2,1.75,3.73
2852,Kepler-371,2,1.835,4.025
2854,Kepler-373,2,1.3,2.245
2856,Kepler-375,2,2.05,5.105
2857,Kepler-376,2,1.43,2.55
2858,Kepler-377,2,1.725,3.705
2859,Kepler-378,2,0.725,0.309
2860,Kepler-379,2,1.975,4.625
2862,Kepler-380,2,1.23,1.98
2864,Kepler-382,2,1.455,2.725
2865,Kepler-383,2,1.28,2.185
2866,Kepler-384,2,1.125,1.485
2868,Kepler-386,2,1.485,2.815
2869,Kepler-387,2,0.96,0.86
2870,Kepler-388,2,0.835,0.511
2871,Kepler-389,2,1.485,2.81
2873,Kepler-390,2,0.805,0.448
2874,Kepler-391,2,2.69,775.0
2875,Kepler-392,2,1.05,1.171
2876,Kepler-393,2,1.31,2.27
2878,Kepler-395,2,1.175,1.69
2879,Kepler-396,2,4.4,46.7
2880,Kepler-397,2,4.32,19.11
2885,Kepler-400,2,1.57,3.095
2889,Kepler-404,2,1.495,2.88
2890,Kepler-405,2,3.37,12.29
2891,Kepler-406,2,1.14,4.53
2892,Kepler-407,2,6.745,2000.965
2900,Kepler-414,2,2.36,16.7
2901,Kepler-415,2,1.61,62.3
2903,Kepler-417,2,2.5,9.35
2904,Kepler-418,2,9.336,186.656
2905,Kepler-419,2,11.7,1557.3
2910,Kepler-424,2,11.34,1271.265
2916,Kepler-430,2,2.5,7.155
2918,Kepler-432,2,13.067,1245.894
2922,Kepler-436,2,2.53,6.97
2935,Kepler-449,2,2.41,6.475
2943,Kepler-462,2,3.5,29.95
2947,Kepler-466,2,2.05,5.3
2973,Kepler-495,2,3.225,12.89
2979,Kepler-50,2,1.94,8.55
2981,Kepler-501,2,2.991,10.285
2991,Kepler-511,2,5.28,24.8
3001,Kepler-520,2,1.365,2.315
3005,Kepler-524,2,1.435,2.575
3016,Kepler-534,2,1.734,3.835
3021,Kepler-539,2,10.837,535.544
3037,Kepler-553,2,8.16,1122.729
3046,Kepler-561,2,4.82,23.175
3055,Kepler-57,2,2.665,15.96
3076,Kepler-589,2,1.694,3.61
3077,Kepler-59,2,1.54,3.955
3083,Kepler-595,2,2.359,10.35
3086,Kepler-598,2,2.262,6.13
3095,Kepler-605,2,1.15,1.618
3097,Kepler-607,2,1.815,4.32
3101,Kepler-610,2,3.745,13.6
3117,Kepler-625,2,1.52,2.89
3125,Kepler-633,2,1.963,4.59
3139,Kepler-647,2,2.586,8.405
3146,Kepler-653,2,1.365,2.429
3149,Kepler-656,2,2.265,6.24
3186,Kepler-69,2,1.975,4.61
3208,Kepler-712,2,4.13,16.25
3212,Kepler-716,2,2.146,5.635
3218,Kepler-722,2,2.725,7.88
3221,Kepler-725,2,6.94,45.65
3226,Kepler-730,2,6.95,3.09
3228,Kepler-732,2,1.725,3.77
3248,Kepler-750,2,2.345,6.45
3253,Kepler-755,2,1.51,2.94
3259,Kepler-760,2,2.27,6.19
3268,Kepler-769,2,2.355,6.355
3284,Kepler-783,2,1.556,3.22
3285,Kepler-784,2,1.565,3.07
3301,Kepler-799,2,4.83,23.025
3308,Kepler-804,2,1.54,2.985
3330,Kepler-825,2,1.685,3.5
3370,Kepler-864,2,2.01,4.805
3371,Kepler-865,2,1.69,3.7
3376,Kepler-87,2,9.815,165.3
3386,Kepler-879,2,1.485,3.583
3387,Kepler-880,2,2.765,8.08
3394,Kepler-887,2,1.485,2.775
3403,Kepler-896,2,2.84,8.52
3411,Kepler-903,2,2.27,5.82
3422,Kepler-913,2,2.959,9.55
3430,Kepler-920,2,3.11,10.12
3440,Kepler-93,2,1.478,479.33
3448,Kepler-937,2,3.195,10.505
3451,Kepler-94,2,8.005,1568.42
3461,Kepler-949,2,2.94,8.955
3466,Kepler-953,2,2.7,9.155
3477,Kepler-963,2,1.63,3.858
3481,Kepler-967,2,3.0,9.51
3483,Kepler-969,2,1.53,2.939
3484,Kepler-97,2,1.48,173.755
3489,Kepler-974,2,1.09,5.545
3490,Kepler-975,2,6.085,41.495
3507,Kepler-990,2,2.065,5.115
3520,LHS 1140,2,1.501,3.755
3530,LP 890-9,2,1.344,19.25
3532,LTT 1445 A,2,1.244,2.135
3533,LTT 3780,2,1.857,5.25
3535,LkCa 15,2,,
3612,NN Ser,2,12.95,1527.111
3614,NY Vir,2,13.05,1245.878
3619,OGLE-2006-BLG-109L,2,12.55,158.5
3628,OGLE-2012-BLG-0026L,2,10.81,158.05
3645,OGLE-2014-BLG-1722L,2,9.795,69.5
3696,OGLE-2018-BLG-1011L,2,13.35,730.0
3710,OGLE-2019-BLG-0468L,2,12.8,2169.179
3739,Pr0211,2,13.0,1536.708
3740,Proxima Cen,2,0.856,0.657
3764,TIC 139270665,2,10.065,850.668
3769,TIC 279401253,2,11.904,2250.225
3772,TIC 434398831,2,4.57,19.55
3777,TOI-1052,2,4.675,25.6
3778,TOI-1062,2,2.683,9.965
3779,TOI-1064,2,2.619,8.0
3783,TOI-1130,2,8.33,177.9
3797,TOI-1224,2,2.494,6.875
3801,TOI-1238,2,1.66,6.04
3812,TOI-1272,2,4.541,24.35
3817,TOI-1288,2,8.034,64.9
3818,TOI-1294,2,12.212,105.45
3825,TOI-1338 A,2,8.98,43.35
3826,TOI-1346,2,2.31,5.95
3827,TOI-1347,2,1.7,8.75
3828,TOI-1386,2,8.258,60.5
3830,TOI-1408,2,13.61,300.3
3831,TOI-1410,2,4.365,19.75
3835,TOI-1422,2,3.22,11.75
3838,TOI-1438,2,2.895,10.0
3844,TOI-1450 A,2,1.13,1.393
3847,TOI-1453,2,1.699,2.635
3849,TOI-1468,2,1.764,3.57
3850,TOI-1470,2,2.325,7.28
3851,TOI-1472,2,3.696,19.59
3860,TOI-1634,2,1.773,7.57
3863,TOI-1669,2,8.198,102.0
3864,TOI-1670,2,6.562,120.775
3871,TOI-1694,2,9.571,164.15
3879,TOI-1736,2,7.841,1406.15
3895,TOI-1782,2,2.103,5.12
3898,TOI-1798,2,1.956,6.05
3901,TOI-1803,2,3.64,9.16
3909,TOI-1836,2,5.302,23.229
3921,TOI-199,2,10.24,71.511
3923,TOI-2000,2,5.42,46.35
3925,TOI-201,2,11.478,2348.752
3927,TOI-2015,2,3.12,9.055
3940,TOI-2093,2,2.775,13.2
3941,TOI-2095,2,1.29,5.75
3942,TOI-2096,2,1.579,3.2
3947,TOI-2134,2,4.98,25.51
3954,TOI-216,2,9.05,98.368
3962,TOI-2202,2,12.176,202.298
3971,TOI-2295,2,14.639,1030.559
3972,TOI-2322,2,1.434,10.205
3976,TOI-2345,2,1.978,5.38
3984,TOI-238,2,1.869,5.035
3999,TOI-2458,2,3.005,11.765
4006,TOI-2525,2,9.404,117.755
4008,TOI-2537,2,11.977,1356.651
4033,TOI-286,2,1.65,4.125
4086,TOI-406,2,1.7,4.325
4095,TOI-421,2,3.865,10.4
4101,TOI-4342,2,2.341,6.085
4121,TOI-4562,2,12.665,1282.935
4123,TOI-4600,2,8.11,1953.056
4150,TOI-5126,2,4.3,17.2
4176,TOI-5398,2,6.91,35.25
4179,TOI-544,2,3.469,12.195
4180,TOI-5489,2,1.34,2.36
4202,TOI-5799,2,1.747,3.7
4214,TOI-6041,2,7.525,53.4
4215,TOI-6054,2,2.73,10.9
4217,TOI-6109,2,4.851,20.95
4238,TOI-6695,2,11.564,263.798
4251,TOI-756,2,7.905,648.518
4254,TOI-763,2,2.455,9.555
4255,TOI-771,2,1.43,2.67
4256,TOI-776,2,1.923,5.95
4260,TOI-815,2,2.78,15.55
4263,TOI-836,2,2.146,7.065
4268,TOI-880,2,3.57,13.565
4270,TOI-904,2,2.296,5.9
4276,TOI-942,2,4.28,26.5
4278,TOI-969,2,7.583,1800.28
4281,TYC 1422-614-1,2,12.9,1986.25
4286,TYC 8998-760-1,2,12.315,3178.3
4299,UZ For,2,,2224.7
4313,WASP-107,2,11.868,72.75
4328,WASP-126,2,9.947,77.25
4347,WASP-148,2,11.187,107.903
4380,WASP-18,2,11.24,1648.525
4419,WASP-41,2,12.715,640.427
4431,WASP-53,2,12.038,2937.067
4460,WASP-8,2,12.583,1905.329
4465,WASP-84,2,6.335,117.6
4485,WISPIT 1,2,12.6,2494.953
4497,XO-2 S,2,12.25,259.022
4510,bet Pic,2,15.497,3475.136
4517,gam Lib,2,13.25,1010.218
4520,iot Dra,2,12.3,4357.427
4526,nu Oph,2,12.0,7448.028
1,11 Com,1,12.2,4914.898
2,11 UMi,1,12.3,4684.814
3,14 And,1,13.1,1131.151
5,16 Cyg B,1,13.5,565.737
6,17 Sco,1,12.9,1373.019
7,18 Del,1,12.5,2926.246
8,1RXS J160929.1-210524,1,18.647,3000.0
9,24 Boo,1,13.9,280.642
11,2MASS J01033563-5515561 A,1,12.3,4131.79
12,2MASS J01225093-2439505,1,11.209,7786.5
13,2MASS J02192210-3925225,1,16.141,4417.837
14,2MASS J0249-0557 A,1,12.4,3686.81
15,2MASS J03590986+2009361,1,12.2,5720.911
16,2MASS J04372171+2651014,1,13.0,1271.314
17,2MASS J04414489+2301513,1,12.6,2383.6
18,2MASS J11011926-7732383,1,11.9,8899.195
19,2MASS J11550485-7919108,1,12.1,6356.568
20,2MASS J12073346-3932539,1,12.9,1589.15
22,2MASS J21252752-8138278,1,12.4,3813.941
23,2MASS J22362452+4751425,1,12.3,3972.875
24,2MASS J22501512+2325342,1,11.9,9534.852
25,4 UMa,1,12.6,2511.48
27,51 Eri,1,,3464.33
28,51 Peg,1,14.3,146.202
31,6 Lyn,1,13.4,597.835
34,70 Vir,1,12.6,2380.45
36,8 UMi,1,13.5,524.417
37,81 Cet,1,13.1,1051.059
38,91 Aqr,1,13.1,1017.0
39,AB Aur,1,12.5,2860.456
40,AB Pic,1,12.3,4290.5
41,AF Lep,1,13.0,1147.361
42,AT2021ueyL,1,13.6,425.89
44,BD+03 2562,1,12.7,2034.112
45,BD+05 4868 A,1,,6.2
46,BD+14 4559,1,13.8,330.543
47,BD+15 2375,1,13.8,337.218
48,BD+15 2940,1,13.7,352.78
50,BD+20 274,1,13.0,1334.886
51,BD+20 594,1,2.578,22.248
52,BD+37 3172,1,12.4,3368.981
53,BD+42 2315,1,14.2,174.806
54,BD+45 564,1,13.6,432.247
55,BD+48 738,1,13.9,289.225
56,BD+48 740,1,13.5,540.311
57,BD+49 828,1,13.5,508.5
58,BD+55 362,1,14.0,228.836
59,BD+60 1417,1,14.684,4767.426
60,BD+63 1405,1,12.4,3305.415
63,BD-10 3166,1,14.1,187.52
65,BD-13 2130,1,12.5,3108.377
66,BD-14 3065 A,1,21.59,3932.0
67,BD-17 63,1,12.8,1639.995
69,BEBOP-3,1,14.2,177.348
70,BEBOP-4 A,1,,8358.887
72,CD Cet,1,1.82,3.95
73,CD-35 2722,1,17.374,9375.938
74,CFBDSIR J145829+101343,1,12.4,3337.1
75,CFHTWIR-Oph 98 A,1,20.849,2479.062
76,CHXR 73,1,12.3,3994.486
77,CI Tau,1,13.0,1144.182
78,COCONUTS-2 A,1,12.442,2542.627
79,CT Cha,1,24.66,5403.0
80,CoRoT-1,1,16.7,327.35
81,CoRoT-10,1,10.87,874.0
82,CoRoT-11,1,16.03,740.51
83,CoRoT-12,1,16.14,291.438
84,CoRoT-13,1,9.92,415.704
85,CoRoT-14,1,12.22,2415.4
86,CoRoT-16,1,13.11,170.032
87,CoRoT-17,1,11.43,772.29
88,CoRoT-18,1,14.68,1102.82
89,CoRoT-19,1,14.46,352.78
90,CoRoT-2,1,16.432,1102.82
92,CoRoT-21,1,14.572,718.296
93,CoRoT-22,1,4.88,12.2
94,CoRoT-23,1,11.77,889.9
96,CoRoT-25,1,12.11,85.81
97,CoRoT-26,1,14.12,165.26
98,CoRoT-27,1,11.287,3302.11
99,CoRoT-28,1,10.705,153.83
100,CoRoT-29,1,10.088,270.156
101,CoRoT-3,1,11.32,6883.91
102,CoRoT-30,1,11.31,921.707
103,CoRoT-31,1,16.365,266.977
104,CoRoT-32,1,6.389,47.675
105,CoRoT-35,1,18.831,349.611
106,CoRoT-36,1,15.805,216.123
107,CoRoT-4,1,13.34,228.83
108,CoRoT-5,1,15.558,148.42
109,CoRoT-6,1,13.068,940.74
111,CoRoT-8,1,6.39,69.92
112,CoRoT-9,1,11.949,266.977
113,DE CVn,1,12.4,3823.273
114,DENIS-P J082303.1-491201,1,11.9,9057.77
116,DMPP-2,1,14.3,138.892
117,DMPP-3 A,1,1.41,2.58
118,DMPP-4,1,3.53,12.2
119,DP Leo,1,12.7,1995.888
120,DS Tuc A,1,5.7,413.179
121,EPIC 201170410,1,1.047,1.15
122,EPIC 201238110,1,1.87,4.16
123,EPIC 201427007,1,1.5,2.86
124,EPIC 201497682,1,0.692,0.26
126,EPIC 201757695,1,0.908,0.688
127,EPIC 201841433,1,1.04,1.12
129,EPIC 206032309,1,1.01,1.01
131,EPIC 206215704,1,1.0,0.972
133,EPIC 211822797,1,1.92,4.35
134,EPIC 211945201,1,5.76,11.0
136,EPIC 212424622,1,2.17,5.35
137,EPIC 212499991,1,1.6,3.19
141,EPIC 220492298,1,0.99,0.937
143,EPIC 228836835,1,1.1,1.37
144,EPIC 229004835,1,2.332,10.4
145,EPIC 246851721,1,11.781,953.49
146,EPIC 248847494,1,12.442,4131.79
148,FU Tau,1,12.2,5085.28
150,G 196-3,1,12.0,8263.539
151,G 261-6,1,1.1,1.37
153,G 268-110,1,1.13,1.52
154,G 9-40,1,1.9,4.0
159,GJ 1151,1,3.25,10.62
160,GJ 1214,1,2.733,8.41
161,GJ 1252,1,1.193,1.32
162,GJ 1265,1,2.63,7.4
163,GJ 1289,1,2.38,6.27
166,GJ 160.2,1,3.17,10.2
168,GJ 179,1,13.8,301.937
171,GJ 2056,1,4.17,16.2
172,GJ 2126,1,13.6,413.177
174,GJ 238,1,0.566,0.126
176,GJ 27.1,1,3.66,13.0
178,GJ 3021,1,13.1,1071.04
179,GJ 3082,1,2.79,8.2
180,GJ 3090,1,2.13,3.34
183,GJ 3222,1,3.4,11.442
187,GJ 3341,1,2.46,6.6
188,GJ 338 B,1,3.25,10.6
189,GJ 341,1,0.88,4.0
190,GJ 3470,1,4.57,13.9
194,GJ 3634,1,2.83,8.4
196,GJ 3779,1,2.75,8.0
198,GJ 393,1,1.17,1.71
199,GJ 3942,1,2.57,7.14
200,GJ 3988,1,1.74,3.69
204,GJ 422,1,3.33,11.07
205,GJ 4276,1,4.22,16.57
207,GJ 436,1,4.17,22.1
208,GJ 463,1,13.1,1080.617
209,GJ 480,1,3.69,13.2
210,GJ 486,1,1.289,2.77
211,GJ 504,1,12.106,1271.3
212,GJ 508.2,1,,587.983
213,GJ 514,1,2.13,5.2
216,GJ 625,1,1.49,2.82
217,GJ 649,1,10.8,82.0
219,GJ 674,1,3.33,11.09
221,GJ 680,1,12.0,7977.493
223,GJ 685,1,2.95,9.0
225,GJ 720 A,1,3.77,13.64
226,GJ 724,1,3.27,10.75
227,GJ 740,1,1.53,2.96
229,GJ 832,1,13.8,314.65
231,GJ 86,1,12.9,1404.809
234,GJ 896 A,1,13.3,718.292
235,GJ 900 A,1,12.4,3496.112
236,GJ 9066,1,9.6,66.744
237,GJ 9404,1,3.48,11.9
238,GJ 96,1,4.67,19.66
239,GJ 9689,1,3.07,9.65
240,GJ 9714,1,12.5,2988.541
241,GJ 9773,1,14.2,172.581
243,GPX-1,1,16.477,6261.22
244,GSC 06214-00210,1,20.176,5000.0
245,GU Psc,1,14.179,3591.3
246,Gaia-1,1,13.776,533.952
247,Gaia-2,1,14.818,259.666
248,Gaia-4,1,12.4,3750.375
249,Gaia-5,1,12.1,6633.079
250,Gaia22dkvL,1,14.1,187.837
251,Gl 378,1,3.66,13.02
252,Gl 410,1,2.83,8.4
253,Gl 49,1,2.24,5.63
254,Gl 686,1,2.46,6.624
255,Gl 725 A,1,1.48,2.78
256,Gliese 12,1,0.958,3.87
257,HAT-P-1,1,14.785,166.861
259,HAT-P-12,1,10.749,67.059
261,HAT-P-14,1,15.917,1093.335
262,HAT-P-15,1,11.882,616.59
263,HAT-P-16,1,14.684,1341.56
265,HAT-P-18,1,11.153,62.61
266,HAT-P-19,1,11.299,88.038
268,HAT-P-20,1,9.718,2302.899
269,HAT-P-21,1,12.442,1547.832
270,HAT-P-22,1,12.89,785.04
271,HAT-P-23,1,15.334,664.237
272,HAT-P-24,1,14.572,238.373
273,HAT-P-25,1,12.722,180.845
274,HAT-P-26,1,7.062,22.248
275,HAT-P-27,1,11.43,197.05
276,HAT-P-28,1,13.585,198.953
277,HAT-P-29,1,13.115,279.69
278,HAT-P-3,1,10.536,206.589
279,HAT-P-30,1,16.141,263.799
280,HAT-P-31,1,12.218,721.474
281,HAT-P-32,1,22.194,216.124
282,HAT-P-33,1,20.737,292.404
283,HAT-P-34,1,13.417,1058.374
284,HAT-P-35,1,14.93,335.628
285,HAT-P-36,1,14.314,587.413
286,HAT-P-37,1,13.204,371.528
287,HAT-P-38,1,9.247,84.857
288,HAT-P-39,1,17.609,190.372
289,HAT-P-4,1,14.28,213.255
290,HAT-P-40,1,17.038,152.558
291,HAT-P-41,1,22.978,378.218
292,HAT-P-42,1,14.348,331.801
293,HAT-P-43,1,13.63,210.395
295,HAT-P-45,1,15.984,283.492
296,HAT-P-46,1,14.392,156.684
297,HAT-P-49,1,17.822,699.226
298,HAT-P-5,1,13.563,311.473
299,HAT-P-50,1,14.437,429.07
300,HAT-P-51,1,13.507,97.573
301,HAT-P-52,1,11.31,259.985
302,HAT-P-53,1,14.773,471.66
303,HAT-P-54,1,10.581,241.551
304,HAT-P-55,1,14.841,189.426
305,HAT-P-56,1,16.926,734.187
306,HAT-P-57,1,19.504,448.14
307,HAT-P-58,1,14.93,118.232
308,HAT-P-59,1,12.588,489.456
309,HAT-P-6,1,16.589,419.536
310,HAT-P-60,1,18.282,182.434
311,HAT-P-61,1,10.077,335.945
312,HAT-P-62,1,12.027,241.867
313,HAT-P-63,1,12.543,195.147
314,HAT-P-64,1,19.089,184.34
315,HAT-P-65,1,18.058,176.077
316,HAT-P-66,1,17.822,248.861
317,HAT-P-67,1,23.371,108.062
318,HAT-P-68,1,12.016,230.109
319,HAT-P-69,1,18.786,1137.831
320,HAT-P-7,1,16.926,584.807
321,HAT-P-70,1,20.961,2154.887
322,HAT-P-8,1,15.693,406.822
323,HAT-P-9,1,15.614,238.055
324,HATS-1,1,14.594,589.55
325,HATS-10,1,10.862,167.179
326,HATS-11,1,18.03,263.799
327,HATS-12,1,7.76,759.614
328,HATS-13,1,13.585,172.582
329,HATS-14,1,11.646,340.396
330,HATS-15,1,12.386,689.691
331,HATS-16,1,14.572,1039.304
332,HATS-17,1,8.709,425.257
333,HATS-18,1,14.897,629.144
334,HATS-2,1,12.576,435.425
335,HATS-22,1,10.682,870.854
336,HATS-23,1,20.849,467.21
337,HATS-24,1,15.637,718.296
338,HATS-25,1,14.123,194.83
339,HATS-26,1,19.616,206.589
340,HATS-27,1,16.814,168.45
341,HATS-28,1,13.384,213.582
342,HATS-29,1,14.022,207.543
343,HATS-3,1,15.48,340.382
344,HATS-30,1,13.171,224.388
345,HATS-31,1,18.383,279.69
346,HATS-32,1,14.0,292.404
347,HATS-33,1,13.787,378.853
348,HATS-34,1,16.029,299.078
349,HATS-35,1,16.41,388.388
350,HATS-36,1,12.92,1022.141
351,HATS-37 A,1,6.793,31.465
352,HATS-38,1,6.882,23.519
353,HATS-39,1,17.598,200.233
354,HATS-4,1,11.433,420.471
355,HATS-40,1,17.71,505.35
356,HATS-41,1,14.908,3082.951
357,HATS-42,1,15.693,597.52
358,HATS-43,1,13.227,82.954
359,HATS-44,1,11.96,177.985
360,HATS-45,1,14.415,222.481
361,HATS-46,1,10.122,54.985
362,HATS-47,1,12.52,117.279
363,HATS-48 A,1,8.967,77.233
364,HATS-49,1,8.575,112.194
365,HATS-5,1,10.223,75.323
366,HATS-50,1,12.666,123.954
367,HATS-51,1,15.805,244.093
368,HATS-52,1,15.491,711.939
369,HATS-53,1,15.02,189.109
370,HATS-54,1,11.377,239.325
371,HATS-55,1,14.022,292.721
372,HATS-56,1,18.921,191.334
373,HATS-57,1,12.767,1000.211
374,HATS-58 A,1,12.274,327.365
376,HATS-6,1,11.187,101.388
377,HATS-60,1,12.924,210.403
378,HATS-61,1,13.395,1080.622
379,HATS-62,1,11.825,56.892
380,HATS-63,1,13.529,305.117
381,HATS-64,1,18.82,305.117
382,HATS-65,1,16.825,260.938
383,HATS-66,1,15.816,1694.034
384,HATS-67,1,18.887,460.853
385,HATS-68,1,13.809,410.001
386,HATS-69,1,10.593,183.388
387,HATS-7,1,6.311,38.14
388,HATS-70,1,15.513,4100.007
389,HATS-71,1,11.478,117.597
390,HATS-72,1,8.097,39.856
391,HATS-74 A,1,11.568,464.029
392,HATS-75,1,9.909,156.054
393,HATS-76,1,12.094,835.571
394,HATS-77,1,13.058,436.696
395,HATS-8,1,9.785,43.861
396,HATS-9,1,13.85,266.024
397,HD 100655,1,13.5,511.706
398,HD 100777,1,13.7,390.929
400,HD 101930,1,10.6,79.457
401,HD 102117,1,8.47,54.031
402,HD 102195,1,14.2,130.31
403,HD 102272,1,12.9,1570.08
405,HD 102365,1,4.14,16.0
406,HD 102843,1,13.1,113.9
407,HD 102888,1,12.8,1808.444
408,HD 102956,1,13.8,305.117
409,HD 103197,1,5.83,28.605
410,HD 103720,1,14.1,197.046
411,HD 103774,1,13.3,116.0
412,HD 103891,1,13.2,918.524
413,HD 103949,1,3.35,11.2
415,HD 10442,1,13.6,472.613
416,HD 104985,1,12.8,1766.808
418,HD 105779,1,14.1,203.41
419,HD 106252,1,12.5,3178.284
420,HD 106270,1,12.4,3623.244
422,HD 10647,1,13.8,298.75
423,HD 106515 A,1,12.1,6006.957
424,HD 106906,1,12.4,3496.0
425,HD 10697,1,12.8,1825.289
427,HD 108147,1,10.9,82.95
428,HD 108202,1,13.1,953.485
430,HD 108341,1,13.3,715.114
431,HD 108863,1,13.3,767.242
433,HD 109246,1,13.9,273.334
435,HD 109286,1,13.2,950.307
436,HD 109749,1,11.1,85.814
437,HD 10975,1,14.3,143.023
439,HD 109988,1,12.1,6935.334
440,HD 110014,1,12.4,3524.59
442,HD 110082,1,3.2,10.3
444,HD 110537,1,11.9,8612.832
445,HD 11112,1,12.6,2598.565
447,HD 111591,1,12.9,1398.452
448,HD 111998,1,12.9,1525.576
449,HD 112300,1,12.2,5031.224
450,HD 112570,1,13.1,1086.973
451,HD 112640,1,12.9,1589.15
454,HD 113996,1,12.7,2002.329
455,HD 114082,1,11.209,2542.627
456,HD 114386,1,13.7,362.326
457,HD 114729,1,13.9,262.21
459,HD 11505,1,12.6,2510.527
462,HD 115954,1,12.6,2685.65
464,HD 117207,1,13.4,669.347
465,HD 11755,1,12.8,1789.383
466,HD 117618,1,8.59,55.302
469,HD 11977,1,12.7,2080.0
470,HD 120084,1,12.7,2034.102
471,HD 121504,1,13.6,479.923
473,HD 122562,1,10.1,73.101
474,HD 124330,1,14.0,238.371
475,HD 12484,1,13.2,947.133
476,HD 125271,1,12.4,3465.601
477,HD 125390,1,11.9,8646.204
478,HD 125595,1,,3531.074
480,HD 12648,1,13.4,622.947
481,HD 126525,1,10.3,75.326
483,HD 126614,1,12.7,107.744
484,HD 127506,1,5.67,27.333
486,HD 128356,1,13.9,282.869
487,HD 128717,1,12.1,6293.002
488,HD 129445,1,13.3,797.749
489,HD 130322,1,13.7,365.49
490,HD 131496,1,13.4,572.094
491,HD 13167,1,13.1,1052.017
492,HD 13189,1,12.4,3480.238
493,HD 132406,1,12.8,1887.901
494,HD 132563,1,13.6,473.547
496,HD 133131 B,1,13.3,794.575
500,HD 135344 A,1,16.253,3178.284
501,HD 135625,1,13.3,731.005
502,HD 135694,1,2.857,6.1
503,HD 135872,1,12.8,1744.56
504,HD 136118,1,12.3,4164.188
506,HD 136418,1,13.3,680.156
507,HD 136925,1,13.9,266.976
508,HD 13724,1,8.18,50.853
509,HD 137388,1,9.32,63.566
513,HD 13931,1,13.2,889.92
514,HD 139357,1,12.1,6315.568
515,HD 1397,1,11.5,131.899
516,HD 14067,1,12.2,4862.775
518,HD 141004,1,3.77,13.635
520,HD 141937,1,11.9,8714.855
522,HD 142022 A,1,12.9,1433.406
523,HD 142245,1,13.1,975.738
524,HD 142415,1,13.5,530.776
525,HD 143105,1,13.7,384.574
526,HD 143361,1,12.9,1382.554
527,HD 143811 A,1,15.693,1938.753
528,HD 144899,1,4.77,20.341
529,HD 145377,1,12.8,1913.337
530,HD 145457,1,13.2,888.013
531,HD 145934,1,13.4,658.54
534,HD 147379,1,4.94,21.6
535,HD 147513,1,13.7,385.0
536,HD 14787,1,13.7,356.287
538,HD 148156,1,13.9,270.144
540,HD 149026,1,8.295,120.775
541,HD 149143,1,13.6,422.714
542,HD 149806,1,12.3,4003.684
543,HD 150010,1,13.3,762.788
544,HD 1502,1,13.2,874.033
545,HD 150706,1,13.3,772.323
547,HD 152079,1,13.2,845.746
548,HD 152581,1,13.4,594.024
552,HD 153950,1,13.2,937.598
553,HD 154088,1,2.46,6.6
554,HD 154345,1,13.7,378.216
555,HD 154391,1,12.5,2892.239
556,HD 154672,1,12.8,1706.747
558,HD 155193,1,14.0,238.371
563,HD 156411,1,14.0,235.18
565,HD 156846,1,12.4,3391.246
566,HD 158038,1,13.5,486.28
568,HD 158996,1,12.3,4449.62
574,HD 161178,1,14.1,181.162
575,HD 16141,1,10.9,82.636
576,HD 16175,1,12.8,1875.188
577,HD 162020,1,12.5,3127.447
579,HD 16417,1,5.0,22.1
580,HD 164509,1,14.3,140.799
581,HD 164595,1,4.16,16.14
582,HD 164604,1,12.3,4544.946
584,HD 165131,1,12.1,5943.391
585,HD 165155,1,13.2,918.529
586,HD 1666,1,12.7,2040.0
587,HD 166724,1,13.0,1207.748
588,HD 167042,1,13.6,444.006
589,HD 167677,1,13.2,905.811
590,HD 167768,1,13.9,270.154
591,HD 168009,1,3.05,9.535
593,HD 168746,1,11.1,85.814
594,HD 168863,1,12.7,2154.877
595,HD 1690,1,12.5,2793.726
596,HD 16905,1,12.4,3591.461
597,HD 169142,1,13.1,953.485
599,HD 170469,1,14.1,209.768
600,HD 17092,1,12.5,3219.618
601,HD 171028,1,13.2,832.715
602,HD 171238,1,12.5,2796.89
603,HD 17156,1,12.263,1036.121
604,HD 173416,1,13.4,585.122
605,HD 174205,1,13.0,1334.879
606,HD 175167,1,12.3,4703.86
607,HD 175541,1,14.1,190.062
608,HD 175607,1,,2456.178
609,HD 17674,1,13.9,276.512
611,HD 177565,1,4.0,15.1
613,HD 178911 B,1,12.6,2552.175
614,HD 179079,1,,4195.335
615,HD 179949,1,13.9,291.12
616,HD 180053,1,13.3,697.319
617,HD 18015,1,13.1,1048.834
618,HD 180314,1,12.0,7216.93
619,HD 180617,1,3.53,12.214
620,HD 180902,1,13.5,535.544
621,HD 181234,1,12.5,2980.913
622,HD 181342,1,13.2,807.288
625,HD 181720,1,14.0,127.132
627,HD 183579,1,3.49,20.4
629,HD 18438,1,12.1,6674.397
630,HD 185269,1,13.8,321.008
631,HD 185283,1,13.6,413.177
632,HD 18599,1,2.6,24.1
633,HD 187085,1,13.9,265.706
635,HD 18742,1,13.1,1080.622
636,HD 188015,1,13.6,476.72
637,HD 188641,1,11.9,9333.031
639,HD 189733,1,12.666,359.148
640,HD 190007,1,4.06,15.5
641,HD 190228,1,12.9,1598.677
643,HD 190647,1,13.4,630.893
644,HD 190984,1,13.0,1137.826
645,HD 191806,1,12.5,2966.61
647,HD 192263,1,14.2,177.985
649,HD 192699,1,13.4,666.172
650,HD 194490,1,12.4,3561.903
651,HD 195019,1,13.0,1264.963
652,HD 196050,1,12.9,1493.794
654,HD 19615,1,12.6,2701.541
655,HD 196885 A,1,13.2,819.97
656,HD 197037,1,13.9,251.0
657,HD 199509,1,7.43,43.225
658,HD 19994,1,13.6,435.41
661,HD 202206,1,12.2,5689.157
663,HD 202772 A,1,17.318,323.233
664,HD 203030,1,14.46,3496.112
665,HD 20329,1,1.72,7.42
667,HD 2039,1,12.7,1999.151
669,HD 204941,1,10.1,73.101
670,HD 205158,1,13.9,124.589
671,HD 205739,1,13.6,435.41
672,HD 206255,1,6.47,34.2
673,HD 206610,1,13.4,647.102
675,HD 207496,1,2.25,6.1
677,HD 20782,1,13.6,472.83
679,HD 207897,1,2.343,14.8
681,HD 208487,1,14.2,165.265
682,HD 208527,1,12.5,3146.4
683,HD 20868,1,13.7,397.288
684,HD 208897,1,13.7,379.487
685,HD 209458,1,15.581,232.016
686,HD 210193,1,14.3,153.1
687,HD 210277,1,13.6,410.001
688,HD 210702,1,13.6,481.51
689,HD 211403,1,12.8,1760.769
690,HD 211810,1,14.0,212.946
691,HD 211970,1,3.66,13.0
692,HD 212301,1,14.2,162.093
693,HD 212771,1,13.3,759.614
694,HD 213240,1,12.8,1655.886
695,HD 213472,1,13.1,1112.399
696,HD 213519,1,2.99,9.217
698,HD 21411,1,9.52,65.9
699,HD 214823,1,12.1,5914.787
701,HD 21520,1,2.697,17.7
703,HD 216435,1,13.7,400.4
704,HD 216437,1,13.0,1334.879
706,HD 216536,1,13.8,333.721
707,HD 216770,1,14.1,181.163
711,HD 217958,1,14.2,166.542
712,HD 218566,1,9.32,63.566
713,HD 219077,1,12.5,3057.509
715,HD 219139,1,14.0,247.906
716,HD 219415,1,13.8,317.83
717,HD 219666,1,4.898,17.6
719,HD 220074,1,12.2,5288.691
720,HD 220197,1,9.32,63.566
721,HD 220689,1,13.7,381.394
722,HD 220773,1,13.6,460.8
723,HD 220842,1,13.1,1010.699
724,HD 221287,1,13.1,982.05
725,HD 221416,1,9.17,60.5
726,HD 221420,1,12.0,7278.271
727,HD 221585,1,13.5,511.706
728,HD 222076,1,13.5,495.815
729,HD 222155,1,13.4,581.626
730,HD 222237,1,12.8,1649.529
731,HD 222582,1,12.6,2660.237
733,HD 224538,1,12.7,2075.737
734,HD 224693,1,14.0,222.481
735,HD 22496,1,2.22,5.57
736,HD 22532,1,13.4,673.796
737,HD 22781,1,12.3,4338.2
740,HD 23127,1,13.5,485.326
741,HD 231701,1,13.7,359.148
742,HD 233604,1,12.7,2089.644
743,HD 233832,1,13.5,565.737
745,HD 235088,1,1.982,4.15
746,HD 23596,1,12.4,3786.608
747,HD 238090,1,2.52,6.89
748,HD 238914,1,12.8,1906.98
749,HD 240210,1,12.8,1655.82
750,HD 240237,1,12.2,5050.319
752,HD 24064,1,12.3,4096.829
753,HD 24085,1,3.46,11.8
754,HD 25015,1,12.5,2884.928
755,HD 25171,1,13.9,290.814
757,HD 25723,1,13.3,794.571
760,HD 26161,1,11.9,9045.396
761,HD 2638,1,14.3,133.489
762,HD 2685,1,16.141,371.861
763,HD 27442,1,13.5,495.8
764,HD 27631,1,13.5,495.812
766,HD 27969,1,12.9,1525.576
769,HD 28192,1,12.2,99.798
770,HD 28254,1,13.0,1207.748
771,HD 284149 A,1,12.0,8352.531
773,HD 285507,1,13.8,311.473
774,HD 285968,1,2.83,8.4
775,HD 28678,1,13.5,490.094
776,HD 29021,1,12.9,1420.693
777,HD 290327,1,13.3,772.327
778,HD 29399,1,13.5,498.991
779,HD 2952,1,13.9,284.774
780,HD 29985,1,12.8,1739.475
782,HD 30562,1,13.6,467.208
783,HD 30669,1,14.3,149.37
784,HD 307842,1,1.93,9.67
785,HD 30856,1,13.5,491.683
786,HD 31253,1,14.1,197.055
789,HD 32518,1,13.2,905.493
790,HD 32963,1,13.4,657.905
791,HD 330075,1,14.3,152.558
792,HD 331093,1,13.6,476.743
794,HD 332231,1,9.073,74.1
795,HD 33283,1,12.5,104.566
796,HD 33564,1,12.5,2892.1
799,HD 35759,1,13.0,1195.041
801,HD 360,1,14.0,238.371
802,HD 36384,1,12.7,2097.667
803,HD 3651,1,10.1,72.465
806,HD 3765,1,8.56,54.984
807,HD 38283,1,14.0,127.132
809,HD 38801,1,12.5,3082.315
812,HD 39855,1,2.85,8.5
814,HD 40956,1,13.2,858.141
815,HD 40979,1,12.9,1484.266
816,HD 41004 A,1,13.2,807.25
817,HD 41004 B,1,12.1,5838.29
818,HD 4113,1,13.5,541.262
819,HD 42012,1,13.5,508.528
821,HD 4208,1,13.9,257.442
822,HD 42618,1,3.89,14.4
824,HD 4308,1,4.12,15.892
825,HD 4313,1,13.4,612.458
827,HD 43691,1,13.2,810.466
828,HD 44219,1,14.1,184.34
830,HD 45350,1,13.5,568.89
832,HD 45652,1,14.3,137.62
833,HD 457,1,11.9,8445.336
834,HD 46375,1,10.0,71.8
838,HD 47536,1,12.6,2330.0
839,HD 4760,1,12.3,4417.837
840,HD 48265,1,13.5,484.691
842,HD 4917,1,13.5,513.295
843,HD 49674,1,6.2,31.783
845,HD 50554,1,12.8,1859.296
847,HD 52265,1,13.7,384.574
850,HD 55696,1,12.9,1357.127
851,HD 5583,1,12.8,1837.057
852,HD 5608,1,13.7,371.224
853,HD 564,1,12.5,104.88
854,HD 56414,1,3.71,13.3
855,HD 56957,1,12.8,1880.909
856,HD 5891,1,12.6,2425.043
857,HD 59686 A,1,12.7,2199.384
858,HD 60292,1,12.7,2065.895
860,HD 6061,1,2.428,10.0
862,HD 62509,1,13.3,731.0
863,HD 62549,1,12.6,2707.58
865,HD 63454,1,12.31,79.457
866,HD 63765,1,14.2,168.45
868,HD 64114,1,4.41,17.8
869,HD 64121,1,13.2,813.641
870,HD 6434,1,14.2,155.737
872,HD 66141,1,12.8,1906.9
875,HD 68402,1,12.6,2510.844
876,HD 6860,1,11.9,8981.831
878,HD 69123,1,13.1,982.09
880,HD 70573,1,12.8,1900.0
881,HD 70642,1,13.0,1239.531
882,HD 7199,1,,3639.135
883,HD 72490,1,13.5,561.923
885,HD 72892,1,12.8,1737.886
886,HD 73256,1,12.2,5085.255
890,HD 73534,1,13.7,353.427
893,HD 7449,1,12.6,2597.929
895,HD 75289,1,14.2,155.737
896,HD 75302,1,12.8,1716.273
899,HD 76700,1,9.6,66.744
900,HD 76920,1,13.1,994.803
901,HD 77338,1,4.12,15.9
902,HD 77946,1,2.896,10.9
903,HD 79181,1,14.1,203.41
905,HD 79498,1,13.6,425.892
906,HD 80606,1,11.568,1323.469
908,HD 80869,1,12.8,1609.801
909,HD 80883,1,12.8,1748.056
910,HD 80913,1,12.0,7505.2
911,HD 81040,1,12.6,2301.078
912,HD 81688,1,13.5,525.688
914,HD 82886,1,13.3,740.544
916,HD 8326,1,9.58,66.6
918,HD 8535,1,14.0,216.124
919,HD 85390,1,6.16,31.465
920,HD 8574,1,13.4,645.195
921,HD 86065,1,12.5,2877.301
922,HD 86081,1,13.6,470.388
924,HD 86264,1,12.5,3117.261
925,HD 86728,1,3.03,9.43
926,HD 8673,1,12.3,4210.591
927,HD 86950,1,13.0,1144.188
928,HD 87646,1,12.4,3941.092
930,HD 87883,1,12.7,2005.497
931,HD 88072,1,12.6,2511.798
932,HD 88133,1,13.8,324.187
933,HD 88986,1,2.49,17.2
934,HD 89307,1,13.4,642.013
935,HD 89345,1,7.398,34.961
936,HD 89744,1,12.6,2653.881
937,HD 89839,1,12.9,1592.32
938,HD 90156,1,4.43,17.98
939,HD 9174,1,13.7,352.791
941,HD 93083,1,13.4,117.59
946,HD 94771,1,14.2,169.0
947,HD 94834,1,13.7,400.466
949,HD 95086,1,12.9,1589.0
951,HD 95127,1,12.4,3378.533
952,HD 95338,1,4.272,42.44
953,HD 95544,1,12.8,1913.645
954,HD 95872,1,13.0,1188.684
955,HD 96063,1,13.7,403.644
956,HD 96127,1,12.1,6661.717
957,HD 96167,1,14.0,227.884
959,HD 96992,1,13.7,362.326
960,HD 97037,1,12.1,6707.769
961,HD 97048,1,13.3,794.575
962,HD 97658,1,2.12,8.3
963,HD 98219,1,13.4,624.218
964,HD 98649,1,12.5,3082.936
965,HD 98736,1,13.3,740.544
966,HD 99109,1,14.3,139.845
967,HD 99283,1,13.8,308.294
970,HIP 105854,1,12.6,2606.1
971,HIP 107772,1,3.64,12.9
972,HIP 107773,1,13.4,629.303
973,HIP 109384,1,13.5,495.815
974,HIP 109600,1,13.2,851.784
977,HIP 114933,1,13.4,616.587
978,HIP 116454,1,2.469,9.7
979,HIP 12961,1,13.2,114.419
981,HIP 18606,1,14.0,244.728
982,HIP 19976,1,4.94,21.612
983,HIP 21152,1,12.0,7627.882
984,HIP 34222,1,13.9,263.798
985,HIP 35173,1,3.61,12.7
986,HIP 35965,1,12.6,2589.984
988,HIP 39017,1,12.0,7500.75
990,HIP 4845,1,3.89,14.4
991,HIP 48714,1,5.11,22.9
994,HIP 54515,1,12.2,5625.563
995,HIP 54597,1,13.3,762.788
996,HIP 55507,1,12.6,2585.534
997,HIP 56640,1,12.7,2151.698
1000,HIP 5763,1,14.2,162.092
1001,HIP 63242,1,12.5,2917.56
1002,HIP 65 A,1,22.754,1021.188
1004,HIP 65426,1,16.814,2860.47
1005,HIP 65891,1,12.8,1871.374
1006,HIP 66074,1,12.9,1589.142
1008,HIP 67537,1,12.3,4309.118
1010,HIP 70849,1,12.9,1430.228
1011,HIP 71135,1,4.55,18.8
1012,HIP 74890,1,13.3,762.792
1013,HIP 75092,1,13.5,568.913
1014,HIP 77900,1,12.1,6674.397
1015,HIP 78530,1,12.0,7300.0
1016,HIP 79098 AB,1,12.1,6515.515
1017,HIP 79431,1,13.4,667.415
1018,HIP 81208 C,1,12.3,4703.86
1021,HIP 86221,1,14.0,225.658
1022,HIP 90988,1,13.4,668.075
1023,HIP 91258,1,13.7,346.435
1024,HIP 94235,1,3.0,379.0
1025,HIP 948,1,12.1,6547.265
1028,HIP 97233,1,12.1,6098.174
1029,HIP 99770,1,12.2,5117.037
1030,HN Lib,1,2.2,5.46
1031,HN Peg,1,11.777,6991.57
1032,HR 2562,1,12.442,4195.335
1033,HR 5183,1,13.1,1052.012
1034,HR 810,1,12.7,1970.536
1037,HS Psc,1,13.6,464.029
1039,IC 4651 9122,1,12.7,2002.329
1040,IRAS 04125+2902,1,10.738,80.8
1041,ITG 15 A,1,12.1,6674.397
1042,K2-10,1,3.773,25.2
1043,K2-100,1,3.88,21.8
1044,K2-101,1,2.0,4.66
1045,K2-102,1,1.3,2.24
1046,K2-104,1,1.79,3.86
1047,K2-105,1,3.4,15.4
1048,K2-107,1,15.98,266.977
1049,K2-108,1,5.33,59.4
1050,K2-11,1,7.55,44.4
1051,K2-110,1,2.592,15.9
1053,K2-113,1,12.14,410.001
1054,K2-114,1,10.592,638.835
1055,K2-115,1,11.803,321.007
1056,K2-116,1,0.69,0.257
1058,K2-118,1,2.54,6.99
1059,K2-119,1,2.53,6.94
1060,K2-12,1,2.44,5.2
1061,K2-121,1,7.16,51.0
1062,K2-122,1,1.16,1.65
1063,K2-123,1,2.76,8.05
1064,K2-124,1,2.9,8.75
1065,K2-125,1,2.18,5.39
1066,K2-126,1,1.97,4.54
1067,K2-127,1,8.37,52.9
1068,K2-128,1,1.42,2.6
1069,K2-129,1,1.04,1.12
1070,K2-13,1,1.89,4.23
1071,K2-130,1,1.25,2.1
1072,K2-131,1,1.69,7.9
1073,K2-132,1,14.572,155.737
1076,K2-137,1,0.64,158.915
1078,K2-139,1,9.11,123.0
1079,K2-14,1,4.81,20.7
1080,K2-140,1,13.563,295.58
1083,K2-147,1,1.473,2.77
1085,K2-149,1,1.64,3.33
1086,K2-15,1,2.48,6.71
1087,K2-150,1,2.0,4.66
1088,K2-151,1,1.49,2.83
1089,K2-152,1,2.29,5.86
1090,K2-153,1,2.0,4.66
1093,K2-156,1,1.1,1.37
1096,K2-159,1,2.26,5.73
1098,K2-160,1,3.178,10.2
1099,K2-161,1,6.117,31.1
1100,K2-162,1,1.44,2.67
1101,K2-163,1,2.466,6.65
1102,K2-164,1,3.249,10.6
1105,K2-167,1,2.365,6.5
1107,K2-169,1,1.273,2.16
1108,K2-17,1,2.23,5.6
1110,K2-171,1,2.687,7.69
1112,K2-173,1,1.608,3.22
1113,K2-174,1,2.6,7.27
1114,K2-175,1,2.038,4.81
1115,K2-176,1,1.491,2.83
1116,K2-177,1,2.116,5.13
1117,K2-178,1,3.558,12.4
1118,K2-179,1,2.513,6.86
1120,K2-180,1,2.466,11.41
1121,K2-181,1,2.69,7.7
1122,K2-182,1,2.713,20.977
1124,K2-184,1,1.47,2.76
1126,K2-186,1,3.172,10.2
1132,K2-191,1,1.579,3.12
1133,K2-192,1,1.52,2.92
1134,K2-193,1,3.95,14.8
1135,K2-194,1,3.642,12.9
1137,K2-196,1,3.6,12.6
1138,K2-197,1,2.56,7.08
1141,K2-200,1,1.364,2.43
1143,K2-2016-BLG-0005L,1,13.7,349.611
1144,K2-202,1,2.302,5.91
1145,K2-203,1,1.265,2.14
1146,K2-204,1,3.172,10.2
1147,K2-205,1,1.996,4.64
1148,K2-206,1,2.795,8.22
1149,K2-207,1,2.606,7.3
1150,K2-208,1,1.675,3.45
1151,K2-209,1,0.869,0.586
1153,K2-210,1,0.86,0.566
1154,K2-211,1,1.332,2.33
1155,K2-212,1,2.65,7.51
1156,K2-213,1,1.514,2.9
1157,K2-214,1,2.51,6.85
1158,K2-215,1,2.124,5.16
1159,K2-216,1,1.75,8.0
1160,K2-217,1,3.579,12.5
1161,K2-218,1,2.569,7.13
1163,K2-22,1,2.3,444.962
1164,K2-220,1,2.37,6.21
1165,K2-221,1,1.679,3.46
1166,K2-222,1,2.35,8.7
1169,K2-225,1,3.609,12.7
1170,K2-226,1,1.539,2.98
1171,K2-227,1,1.666,3.41
1172,K2-228,1,1.21,1.92
1174,K2-230,1,1.96,4.5
1175,K2-231,1,2.5,6.8
1176,K2-232,1,11.209,126.496
1178,K2-237,1,16.062,434.154
1179,K2-238,1,14.572,273.334
1183,K2-241,1,2.55,7.04
1184,K2-242,1,2.54,6.99
1186,K2-244,1,1.75,3.71
1187,K2-245,1,4.34,17.4
1188,K2-246,1,3.49,12.0
1190,K2-248,1,2.57,7.13
1191,K2-249,1,2.79,8.2
1192,K2-25,1,3.44,24.5
1193,K2-250,1,2.713,7.81
1194,K2-251,1,2.35,6.12
1195,K2-252,1,1.74,3.68
1196,K2-253,1,12.67,
1198,K2-255,1,2.9,8.75
1199,K2-257,1,0.83,0.498
1200,K2-258,1,3.0,9.27
1201,K2-259,1,2.32,5.99
1202,K2-26,1,2.67,7.61
1203,K2-260,1,18.416,546.665
1204,K2-261,1,9.27,68.969
1205,K2-263,1,2.41,14.9
1207,K2-265,1,1.708,7.342
1210,K2-269,1,1.57,3.09
1211,K2-27,1,4.74,30.2
1213,K2-271,1,7.28,41.8
1214,K2-272,1,3.13,9.96
1215,K2-273,1,3.05,9.53
1216,K2-274,1,2.08,4.98
1218,K2-276,1,3.77,13.7
1219,K2-277,1,2.186,7.4
1220,K2-278,1,2.98,9.17
1221,K2-279,1,1.21,1.92
1222,K2-28,1,2.32,5.99
1223,K2-280,1,7.5,37.1
1224,K2-281,1,8.18,50.9
1226,K2-283,1,3.52,12.2
1227,K2-284,1,2.78,8.15
1229,K2-286,1,2.1,5.06
1230,K2-287,1,9.494,100.116
1231,K2-288 B,1,1.9,4.27
1232,K2-289,1,9.1,61.0
1233,K2-29,1,13.339,232.016
1235,K2-291,1,1.589,6.49
1236,K2-292,1,2.63,24.5
1237,K2-293,1,2.45,6.57
1238,K2-294,1,1.66,3.39
1239,K2-295,1,10.054,106.473
1241,K2-30,1,11.646,184.024
1242,K2-308,1,9.916,70.6
1243,K2-31,1,11.882,563.83
1244,K2-315,1,0.95,0.809
1246,K2-317,1,2.93,8.91
1247,K2-318,1,1.66,3.39
1248,K2-319,1,2.79,8.2
1250,K2-320,1,2.62,7.37
1251,K2-321,1,2.051,4.86
1252,K2-322,1,1.92,4.35
1253,K2-323,1,2.1,5.06
1254,K2-324,1,2.43,6.48
1255,K2-325,1,2.2,5.48
1256,K2-326,1,2.28,5.82
1257,K2-329,1,8.676,82.636
1258,K2-33,1,5.04,1175.971
1259,K2-330,1,2.77,8.1
1261,K2-332,1,2.2,5.48
1262,K2-333,1,6.18,31.6
1263,K2-334,1,5.65,27.2
1264,K2-335,1,2.21,5.52
1265,K2-336,1,1.22,1.98
1266,K2-337,1,2.62,7.37
1267,K2-338,1,1.03,1.08
1268,K2-339,1,1.92,4.35
1269,K2-34,1,13.75,539.675
1270,K2-340,1,3.36,11.2
1271,K2-341,1,3.21,10.4
1272,K2-342,1,2.03,4.78
1274,K2-344,1,1.59,3.15
1275,K2-345,1,2.11,5.1
1276,K2-346,1,2.26,5.73
1277,K2-347,1,2.41,6.39
1279,K2-349,1,1.38,2.48
1282,K2-351,1,2.54,6.99
1284,K2-353,1,5.55,26.3
1285,K2-354,1,1.56,3.05
1286,K2-355,1,2.25,5.69
1287,K2-356,1,2.29,5.86
1288,K2-357,1,3.72,13.4
1289,K2-358,1,2.68,7.65
1291,K2-365,1,2.906,8.78
1292,K2-366,1,2.359,6.16
1293,K2-367,1,2.413,6.41
1295,K2-369,1,1.313,2.28
1297,K2-370,1,3.207,10.4
1298,K2-371,1,13.024,
1299,K2-372,1,2.945,8.98
1300,K2-373,1,2.061,4.9
1302,K2-375,1,2.243,5.66
1303,K2-376,1,1.736,3.66
1304,K2-377,1,1.693,3.51
1305,K2-378,1,2.88,8.65
1306,K2-379,1,2.181,5.4
1308,K2-380,1,2.729,7.89
1310,K2-382,1,2.072,4.95
1311,K2-383,1,1.564,3.07
1313,K2-385,1,1.539,2.98
1314,K2-386,1,2.32,5.99
1315,K2-387,1,7.322,42.2
1316,K2-388,1,3.9,14.5
1318,K2-39,1,6.277,28.605
1319,K2-390,1,4.662,19.6
1320,K2-391,1,1.371,2.45
1321,K2-392,1,1.85,4.08
1322,K2-393,1,2.352,6.13
1323,K2-394,1,1.692,3.51
1326,K2-397,1,2.417,6.42
1328,K2-4,1,2.1,5.06
1329,K2-400,1,1.163,1.67
1330,K2-401,1,2.262,5.74
1331,K2-402,1,2.678,7.65
1332,K2-403,1,5.333,24.6
1333,K2-404,1,2.53,6.94
1334,K2-405,1,4.569,18.9
1335,K2-406,1,4.602,19.2
1337,K2-408,1,1.677,3.45
1338,K2-409,1,2.482,6.72
1339,K2-411,1,0.99,0.937
1340,K2-412,1,2.116,5.13
1343,K2-415,1,1.015,7.5
1344,K2-416,1,2.66,1652.708
1345,K2-417,1,3.31,699.222
1346,K2-419 A,1,10.55,196.0
1347,K2-42,1,2.15,5.27
1349,K2-44,1,2.433,6.5
1350,K2-45,1,6.71,36.4
1351,K2-46,1,2.05,4.86
1352,K2-47,1,1.89,4.23
1353,K2-48,1,2.24,5.65
1354,K2-49,1,1.93,4.38
1357,K2-52,1,18.0,
1358,K2-53,1,2.6,7.27
1359,K2-54,1,2.612,7.33
1360,K2-55,1,4.43,44.0
1361,K2-57,1,2.309,5.94
1364,K2-6,1,2.5,6.8
1365,K2-60,1,7.656,135.396
1366,K2-61,1,1.92,4.35
1369,K2-64,1,2.07,4.94
1370,K2-65,1,1.58,3.12
1371,K2-66,1,2.49,21.3
1372,K2-68,1,1.58,3.12
1373,K2-69,1,2.32,5.99
1374,K2-7,1,4.035,15.3
1375,K2-70,1,2.89,8.7
1376,K2-71,1,2.15,5.27
1379,K2-74,1,2.31,5.95
1381,K2-77,1,2.5,603.877
1382,K2-79,1,4.09,9.2
1385,K2-81,1,1.97,4.54
1388,K2-85,1,1.4,3.2
1389,K2-86,1,1.96,4.5
1390,K2-87,1,7.6,44.9
1391,K2-88,1,1.23,2.04
1392,K2-89,1,0.615,0.17
1393,K2-9,1,2.25,5.69
1395,K2-91,1,1.1,1.37
1396,K2-95,1,3.31,11.0
1397,K2-97,1,13.451,174.488
1398,K2-98,1,5.066,34.008
1400,KELT-1,1,12.442,8654.15
1401,KELT-10,1,15.681,215.807
1402,KELT-11,1,15.132,65.155
1403,KELT-12,1,19.952,301.938
1404,KELT-14,1,19.537,408.094
1405,KELT-15,1,19.504,416.357
1406,KELT-16,1,15.861,874.033
1407,KELT-17,1,17.094,416.357
1408,KELT-18,1,17.598,375.039
1409,KELT-19 A,1,21.409,1293.568
1410,KELT-2 A,1,15.132,540.311
1411,KELT-20,1,19.515,1074.901
1412,KELT-21,1,17.777,1242.715
1413,KELT-23 A,1,14.83,298.125
1414,KELT-24,1,12.711,1458.832
1415,KELT-3,1,17.486,616.59
1416,KELT-4 A,1,19.044,286.683
1418,KELT-7,1,17.934,441.784
1419,KELT-8,1,18.159,209.768
1420,KELT-9,1,21.196,915.35
1422,KIC 10068024,1,13.4,635.657
1423,KIC 10525077,1,5.5,25.9
1424,KIC 3526061,1,12.1,5768.586
1425,KIC 3558849,1,6.9,38.1
1427,KIC 5479689,1,14.2,158.914
1428,KIC 7917485,1,12.4,3750.394
1429,KIC 8121913,1,13.4,667.44
1431,KMT-2016-BLG-0212L,1,12.2,5700.0
1432,KMT-2016-BLG-1105L,1,1.33,2.32
1433,KMT-2016-BLG-1107L,1,13.1,1043.0
1434,KMT-2016-BLG-1397L,1,12.7,2200.0
1435,KMT-2016-BLG-1820L,1,12.9,1450.0
1436,KMT-2016-BLG-1836L,1,13.3,700.0
1437,KMT-2016-BLG-2142L,1,12.2,4923.0
1438,KMT-2016-BLG-2321L,1,13.8,301.937
1439,KMT-2016-BLG-2364L,1,13.0,1250.0
1440,KMT-2016-BLG-2397L,1,13.2,836.0
1441,KMT-2016-BLG-2605L,1,14.0,245.046
1442,KMT-2017-BLG-0165L,1,6.45,34.0
1443,KMT-2017-BLG-0428L,1,2.23,5.59
1444,KMT-2017-BLG-0673L,1,13.0,1166.43
1445,KMT-2017-BLG-0849L,1,2.41,6.39
1446,KMT-2017-BLG-1003L,1,2.13,5.19
1447,KMT-2017-BLG-1038L,1,13.4,640.0
1448,KMT-2017-BLG-1057L,1,5.19,23.5
1449,KMT-2017-BLG-1146L,1,14.0,230.0
1450,KMT-2017-BLG-1194L,1,1.7,3.54
1451,KMT-2017-BLG-2197L,1,12.5,2809.603
1452,KMT-2017-BLG-2331L,1,14.2,171.0
1453,KMT-2017-BLG-2509L,1,13.4,664.261
1454,KMT-2018-BLG-0029L,1,2.67,7.59
1455,KMT-2018-BLG-0030L,1,13.6,460.851
1456,KMT-2018-BLG-0087L,1,10.1,73.101
1457,KMT-2018-BLG-0247L,1,13.4,670.618
1458,KMT-2018-BLG-0748L,1,9.01,60.0
1459,KMT-2018-BLG-0885L,1,11.9,9217.024
1460,KMT-2018-BLG-1025L,1,2.34,6.059
1461,KMT-2018-BLG-1292L,1,12.9,1400.0
1462,KMT-2018-BLG-1743L,1,10.5,77.868
1463,KMT-2018-BLG-1976L,1,13.3,705.579
1464,KMT-2018-BLG-1988L,1,2.22,5.56
1465,KMT-2018-BLG-1990L,1,12.9,111.0
1466,KMT-2018-BLG-1996L,1,13.7,346.433
1467,KMT-2018-BLG-2602L,1,13.7,365.503
1468,KMT-2019-BLG-0253L,1,2.99,9.2
1469,KMT-2019-BLG-0297L,1,12.1,6038.74
1470,KMT-2019-BLG-0298L,1,13.4,575.269
1471,KMT-2019-BLG-0335L,1,12.1,6674.397
1472,KMT-2019-BLG-0371L,1,12.6,2447.279
1473,KMT-2019-BLG-0414L,1,12.9,1452.476
1474,KMT-2019-BLG-0578L,1,13.7,381.394
1475,KMT-2019-BLG-0842L,1,3.19,10.28
1476,KMT-2019-BLG-0953L,1,4.06,15.5
1477,KMT-2019-BLG-1042L,1,9.05,60.387
1478,KMT-2019-BLG-1216L,1,5.98,29.876
1479,KMT-2019-BLG-1339L,1,13.7,397.0
1480,KMT-2019-BLG-1367L,1,1.85,4.08
1481,KMT-2019-BLG-1552L,1,13.0,1287.205
1482,KMT-2019-BLG-1715L,1,13.2,813.641
1483,KMT-2019-BLG-1806L,1,2.0,4.67
1484,KMT-2019-BLG-1953L,1,14.1,200.0
1485,KMT-2019-BLG-2783L,1,13.7,368.681
1486,KMT-2019-BLG-2974L,1,11.4,88.992
1488,KMT-2021-BLG-0119L,1,12.8,1754.413
1489,KMT-2021-BLG-0171L,1,3.35,11.2
1490,KMT-2021-BLG-0192L,1,6.56,34.961
1491,KMT-2021-BLG-0240L,1,9.6,66.744
1492,KMT-2021-BLG-0320L,1,6.2,31.783
1493,KMT-2021-BLG-0322L,1,12.7,2034.102
1494,KMT-2021-BLG-0712L,1,6.91,38.19
1495,KMT-2021-BLG-0736L,1,4.86,21.0
1496,KMT-2021-BLG-0748L,1,14.3,143.023
1497,KMT-2021-BLG-0909L,1,13.7,400.464
1498,KMT-2021-BLG-0912L,1,1.49,2.81
1500,KMT-2021-BLG-1105L,1,13.6,413.177
1501,KMT-2021-BLG-1150L,1,13.9,279.689
1502,KMT-2021-BLG-1253L,1,4.59,19.05
1503,KMT-2021-BLG-1303L,1,13.6,120.775
1504,KMT-2021-BLG-1372L,1,9.12,61.27
1505,KMT-2021-BLG-1391L,1,1.97,4.55
1506,KMT-2021-BLG-1547L,1,13.6,467.208
1507,KMT-2021-BLG-1554L,1,6.9,38.139
1508,KMT-2021-BLG-1689L,1,7.71,46.0
1509,KMT-2021-BLG-1770L,1,12.1,6674.397
1510,KMT-2021-BLG-1898L,1,14.0,232.015
1511,KMT-2021-BLG-2010L,1,13.8,340.076
1512,KMT-2021-BLG-2294L,1,5.02,22.248
1513,KMT-2021-BLG-2478L,1,13.9,286.046
1514,KMT-2021-BLG-2609L,1,3.17,10.171
1515,KMT-2022-BLG-0303L,1,14.2,163.046
1516,KMT-2022-BLG-0371L,1,10.9,82.635
1517,KMT-2022-BLG-0440L,1,4.05,15.4
1518,KMT-2022-BLG-1013L,1,12.1,98.527
1519,KMT-2022-BLG-1790L,1,13.5,549.843
1521,KMT-2022-BLG-2076L,1,13.9,279.689
1522,KMT-2022-BLG-2286L,1,12.1,6038.74
1523,KMT-2023-BLG-0119L,1,11.0,83.7
1524,KMT-2023-BLG-0416L,1,3.67,13.031
1525,KMT-2023-BLG-0469L,1,7.04,39.411
1526,KMT-2023-BLG-0548L,1,13.1,1086.973
1527,KMT-2023-BLG-0735L,1,6.97,38.775
1528,KMT-2023-BLG-0830L,1,4.41,17.798
1529,KMT-2023-BLG-0949L,1,12.8,1900.614
1530,KMT-2023-BLG-1431L,1,3.76,13.6
1531,KMT-2023-BLG-1454L,1,14.1,200.232
1532,KMT-2023-BLG-1642L,1,13.8,343.255
1533,KMT-2023-BLG-1743L,1,12.1,6356.568
1534,KMT-2023-BLG-1866L,1,1.43,2.63
1535,KMT-2023-BLG-1896L,1,4.19,16.35
1536,KMT-2023-BLG-2209L,1,13.9,254.263
1538,KMT-2024-BLG-1005L,1,12.1,6674.397
1539,KMT-2024-BLG-1044L,1,2.7,7.75
1540,KMT-2024-BLG-1209L,1,13.2,839.067
1541,KMT-2024-BLG-1281L,1,4.59,19.07
1542,KMT-2024-BLG-2059L,1,2.54,6.992
1543,KMT-2024-BLG-2242L,1,3.82,13.984
1546,KOI-1257,1,10.54,460.83
1547,KOI-13,1,16.948,2949.462
1552,KOI-217,1,12.442,
1553,KOI-2513,1,2.802,7310.053
1556,KOI-3680,1,11.097,613.412
1557,KOI-4777,1,0.51,99.2
1558,KOI-4978,1,0.7,0.271
1560,KOI-7368,1,2.22,5.56
1562,KOI-7913 A,1,2.34,6.08
1565,KPS-1,1,11.545,346.435
1566,Kapteyn,1,2.54,7.0
1569,Kepler-1000,1,4.76,20.3
1571,Kepler-1002,1,1.71,3.57
1572,Kepler-1003,1,1.78,3.82
1573,Kepler-1004,1,6.28,32.5
1574,Kepler-1005,1,1.5,2.86
1575,Kepler-1006,1,1.54,2.99
1576,Kepler-1007,1,1.44,2.67
1577,Kepler-1008,1,1.28,2.18
1578,Kepler-1009,1,2.17,5.35
1580,Kepler-1010,1,2.32,5.99
1581,Kepler-1011,1,2.87,8.6
1582,Kepler-1012,1,1.29,2.21
1583,Kepler-1013,1,2.15,5.27
1584,Kepler-1014,1,2.39,6.3
1585,Kepler-1015,1,3.55,12.3
1587,Kepler-1017,1,1.99,4.62
1588,Kepler-1018,1,2.58,7.18
1589,Kepler-1019,1,1.46,2.73
1591,Kepler-1020,1,2.28,5.82
1592,Kepler-1021,1,2.33,6.04
1593,Kepler-1022,1,2.36,6.17
1594,Kepler-1023,1,2.63,7.41
1595,Kepler-1024,1,3.91,14.5
1596,Kepler-1025,1,1.98,4.58
1597,Kepler-1026,1,2.21,5.52
1598,Kepler-1027,1,0.89,0.64
1599,Kepler-1028,1,1.33,2.33
1600,Kepler-1029,1,1.26,2.13
1602,Kepler-1030,1,2.48,6.71
1603,Kepler-1031,1,0.87,0.59
1604,Kepler-1032,1,1.87,4.16
1605,Kepler-1033,1,2.51,6.85
1606,Kepler-1034,1,2.26,5.73
1607,Kepler-1035,1,1.17,1.71
1608,Kepler-1036,1,3.01,9.32
1609,Kepler-1037,1,1.28,2.18
1611,Kepler-1039,1,1.46,2.73
1613,Kepler-1040,1,2.08,4.98
1614,Kepler-1041,1,2.94,8.96
1615,Kepler-1042,1,2.19,5.43
1616,Kepler-1043,1,2.55,7.04
1617,Kepler-1044,1,2.67,7.61
1618,Kepler-1045,1,2.69,7.7
1619,Kepler-1046,1,1.71,3.57
1621,Kepler-1048,1,1.61,3.22
1622,Kepler-1049,1,0.95,0.809
1625,Kepler-1051,1,3.4,11.5
1627,Kepler-1053,1,0.98,0.904
1628,Kepler-1054,1,2.63,7.41
1629,Kepler-1055,1,1.23,2.04
1630,Kepler-1056,1,3.01,9.32
1631,Kepler-1057,1,3.36,11.2
1632,Kepler-1058,1,2.72,7.85
1633,Kepler-1059,1,1.73,3.64
1635,Kepler-1060,1,2.38,6.26
1636,Kepler-1061,1,1.98,4.58
1637,Kepler-1062,1,1.76,3.75
1638,Kepler-1063,1,1.49,2.83
1639,Kepler-1064,1,1.55,3.02
1641,Kepler-1066,1,2.36,6.17
1643,Kepler-1068,1,3.63,12.8
1644,Kepler-1069,1,1.6,3.19
1646,Kepler-1070,1,1.73,3.64
1647,Kepler-1071,1,2.38,6.26
1648,Kepler-1072,1,1.58,3.12
1650,Kepler-1074,1,1.25,2.1
1651,Kepler-1075,1,1.42,2.6
1652,Kepler-1076,1,0.8,0.437
1653,Kepler-1077,1,2.77,8.1
1654,Kepler-1078,1,1.9,4.27
1655,Kepler-1079,1,1.63,3.29
1657,Kepler-1080,1,3.28,10.8
1658,Kepler-1081,1,1.01,1.01
1659,Kepler-1082,1,1.12,1.46
1660,Kepler-1083,1,3.36,11.2
1661,Kepler-1084,1,1.11,1.41
1664,Kepler-1087,1,0.61,0.165
1665,Kepler-1088,1,1.42,2.6
1666,Kepler-1089,1,1.83,4.01
1669,Kepler-1091,1,1.46,2.73
1670,Kepler-1092,1,2.07,4.94
1672,Kepler-1094,1,3.18,10.2
1673,Kepler-1095,1,1.21,1.92
1674,Kepler-1096,1,1.24,2.07
1675,Kepler-1097,1,3.26,10.7
1676,Kepler-1098,1,1.3,2.24
1677,Kepler-1099,1,2.83,8.4
1680,Kepler-1100,1,1.75,3.71
1681,Kepler-1101,1,2.47,6.66
1682,Kepler-1102,1,2.66,7.56
1683,Kepler-1103,1,2.27,5.77
1684,Kepler-1104,1,1.23,2.04
1685,Kepler-1105,1,2.01,4.7
1686,Kepler-1106,1,1.65,3.36
1687,Kepler-1107,1,1.34,2.36
1688,Kepler-1108,1,1.46,2.73
1689,Kepler-1109,1,2.19,5.43
1691,Kepler-1110,1,2.66,7.56
1692,Kepler-1111,1,2.0,4.66
1693,Kepler-1112,1,3.02,9.38
1694,Kepler-1113,1,2.81,8.3
1695,Kepler-1114,1,1.35,2.39
1696,Kepler-1115,1,1.7,3.53
1697,Kepler-1116,1,2.54,6.99
1698,Kepler-1117,1,1.11,1.41
1699,Kepler-1118,1,2.74,7.95
1700,Kepler-1119,1,1.92,4.35
1702,Kepler-1120,1,1.38,2.48
1703,Kepler-1121,1,1.91,4.31
1704,Kepler-1122,1,2.04,4.82
1705,Kepler-1123,1,1.67,3.43
1706,Kepler-1124,1,1.28,2.18
1707,Kepler-1125,1,1.84,4.04
1709,Kepler-1127,1,1.96,4.5
1710,Kepler-1128,1,3.65,12.9
1714,Kepler-1131,1,1.59,3.15
1715,Kepler-1132,1,2.35,6.12
1716,Kepler-1133,1,1.97,4.54
1717,Kepler-1134,1,2.64,7.46
1718,Kepler-1135,1,1.85,4.08
1719,Kepler-1136,1,1.64,3.33
1720,Kepler-1137,1,2.2,5.48
1721,Kepler-1138,1,1.7,3.53
1722,Kepler-1139,1,1.19,1.81
1724,Kepler-1140,1,2.77,8.1
1725,Kepler-1141,1,0.82,0.477
1726,Kepler-1142,1,1.47,2.76
1728,Kepler-1144,1,1.99,4.62
1729,Kepler-1145,1,1.4,2.54
1730,Kepler-1146,1,1.23,2.04
1731,Kepler-1147,1,2.61,7.32
1732,Kepler-1148,1,1.69,3.5
1733,Kepler-1149,1,1.44,2.67
1735,Kepler-1150,1,1.02,1.04
1736,Kepler-1151,1,2.22,5.56
1737,Kepler-1152,1,0.87,0.59
1738,Kepler-1153,1,1.73,3.64
1740,Kepler-1155,1,2.03,4.78
1741,Kepler-1156,1,1.32,2.3
1742,Kepler-1157,1,1.09,1.32
1743,Kepler-1158,1,2.34,6.08
1744,Kepler-1159,1,2.37,6.21
1746,Kepler-1160,1,2.14,5.22
1747,Kepler-1161,1,2.13,5.18
1749,Kepler-1163,1,1.03,1.08
1750,Kepler-1164,1,1.12,1.46
1752,Kepler-1166,1,1.69,3.5
1753,Kepler-1167,1,1.71,3.57
1754,Kepler-1168,1,2.5,6.8
1755,Kepler-1169,1,0.94,0.779
1757,Kepler-1170,1,2.41,6.39
1758,Kepler-1171,1,2.56,7.08
1759,Kepler-1172,1,3.2,10.3
1760,Kepler-1173,1,0.89,0.64
1761,Kepler-1174,1,1.59,3.15
1762,Kepler-1175,1,2.99,9.22
1763,Kepler-1176,1,2.45,6.57
1764,Kepler-1177,1,1.9,4.27
1765,Kepler-1178,1,1.07,1.24
1766,Kepler-1179,1,1.32,2.3
1768,Kepler-1180,1,1.99,4.62
1770,Kepler-1182,1,2.41,6.39
1771,Kepler-1183,1,2.82,8.35
1772,Kepler-1184,1,2.68,7.65
1773,Kepler-1185,1,1.33,2.33
1774,Kepler-1186,1,2.23,5.6
1775,Kepler-1187,1,2.61,7.32
1776,Kepler-1188,1,2.08,4.98
1777,Kepler-1189,1,1.77,3.78
1779,Kepler-1190,1,1.33,2.33
1780,Kepler-1191,1,1.51,2.89
1781,Kepler-1192,1,2.36,6.17
1782,Kepler-1193,1,1.32,2.3
1783,Kepler-1194,1,1.51,2.89
1784,Kepler-1195,1,2.08,4.98
1785,Kepler-1196,1,2.23,5.6
1786,Kepler-1197,1,1.25,2.1
1787,Kepler-1198,1,1.47,2.76
1788,Kepler-1199,1,1.15,1.6
1789,Kepler-12,1,19.661,137.303
1791,Kepler-1200,1,1.06,1.2
1792,Kepler-1201,1,2.29,5.86
1793,Kepler-1202,1,2.94,8.96
1794,Kepler-1203,1,1.06,1.2
1795,Kepler-1204,1,3.05,9.53
1796,Kepler-1205,1,1.41,2.57
1797,Kepler-1206,1,1.64,3.33
1798,Kepler-1207,1,1.62,3.26
1799,Kepler-1208,1,2.32,5.99
1800,Kepler-1209,1,1.51,2.89
1802,Kepler-1210,1,1.7,3.53
1803,Kepler-1211,1,2.55,7.04
1804,Kepler-1212,1,2.14,5.22
1805,Kepler-1213,1,1.19,1.81
1806,Kepler-1214,1,2.36,6.17
1807,Kepler-1215,1,1.22,1.98
1808,Kepler-1216,1,1.39,2.51
1809,Kepler-1217,1,1.99,4.62
1810,Kepler-1218,1,1.44,2.67
1811,Kepler-1219,1,2.12,5.14
1813,Kepler-1220,1,1.52,2.92
1814,Kepler-1221,1,1.88,4.19
1815,Kepler-1222,1,0.79,0.418
1816,Kepler-1223,1,1.22,1.98
1817,Kepler-1224,1,1.33,2.33
1818,Kepler-1225,1,1.82,3.97
1819,Kepler-1226,1,1.45,2.7
1820,Kepler-1227,1,2.29,5.86
1821,Kepler-1228,1,1.54,2.99
1822,Kepler-1229,1,1.4,2.54
1824,Kepler-1230,1,2.71,7.8
1825,Kepler-1231,1,1.42,2.6
1826,Kepler-1232,1,1.93,4.38
1827,Kepler-1233,1,2.6,7.27
1828,Kepler-1234,1,2.81,8.3
1829,Kepler-1235,1,0.79,0.418
1830,Kepler-1236,1,2.14,5.22
1831,Kepler-1237,1,2.86,8.55
1832,Kepler-1238,1,1.93,4.38
1833,Kepler-1239,1,2.9,8.75
1835,Kepler-1240,1,1.15,1.6
1836,Kepler-1241,1,2.63,7.41
1837,Kepler-1242,1,2.26,5.73
1838,Kepler-1243,1,1.75,3.71
1839,Kepler-1244,1,1.35,2.39
1841,Kepler-1246,1,1.36,2.42
1842,Kepler-1247,1,2.33,6.04
1843,Kepler-1248,1,1.18,1.76
1844,Kepler-1249,1,2.38,6.26
1846,Kepler-1250,1,1.92,4.35
1847,Kepler-1251,1,1.84,4.04
1848,Kepler-1252,1,1.67,3.43
1849,Kepler-1253,1,1.33,2.33
1851,Kepler-1255,1,2.32,5.99
1852,Kepler-1256,1,1.49,2.83
1853,Kepler-1257,1,1.52,2.92
1854,Kepler-1258,1,0.86,0.566
1855,Kepler-1259,1,1.43,2.63
1857,Kepler-1260,1,1.77,3.78
1858,Kepler-1261,1,2.26,5.73
1859,Kepler-1262,1,1.82,3.97
1860,Kepler-1263,1,1.14,1.55
1861,Kepler-1264,1,1.18,1.76
1862,Kepler-1265,1,1.35,2.39
1864,Kepler-1267,1,3.01,9.32
1865,Kepler-1268,1,2.03,4.78
1866,Kepler-1269,1,1.63,3.29
1868,Kepler-1270,1,3.32,11.0
1869,Kepler-1271,1,1.48,2.79
1870,Kepler-1272,1,2.37,6.21
1871,Kepler-1273,1,2.49,6.76
1872,Kepler-1274,1,1.42,2.6
1873,Kepler-1275,1,1.48,2.79
1874,Kepler-1276,1,1.19,1.81
1875,Kepler-1277,1,1.6,3.19
1876,Kepler-1278,1,1.01,1.01
1877,Kepler-1279,1,1.75,3.71
1879,Kepler-1280,1,1.87,4.16
1880,Kepler-1281,1,1.64,3.33
1881,Kepler-1282,1,1.55,3.02
1882,Kepler-1283,1,1.91,4.31
1883,Kepler-1284,1,1.21,1.92
1884,Kepler-1285,1,0.97,0.871
1885,Kepler-1286,1,2.15,5.27
1886,Kepler-1287,1,1.54,2.99
1887,Kepler-1288,1,1.12,1.46
1888,Kepler-1289,1,1.52,2.92
1890,Kepler-1290,1,1.42,2.6
1891,Kepler-1291,1,1.66,3.39
1892,Kepler-1292,1,1.82,3.97
1893,Kepler-1293,1,0.97,0.871
1894,Kepler-1294,1,3.19,10.3
1895,Kepler-1295,1,1.55,3.02
1896,Kepler-1296,1,0.91,0.693
1897,Kepler-1297,1,0.97,0.871
1898,Kepler-1298,1,1.31,2.27
1899,Kepler-1299,1,2.98,9.17
1901,Kepler-1300,1,1.37,2.45
1902,Kepler-1301,1,1.4,2.54
1903,Kepler-1302,1,1.43,2.63
1904,Kepler-1303,1,1.42,2.6
1905,Kepler-1304,1,2.29,5.86
1906,Kepler-1305,1,1.88,4.19
1907,Kepler-1306,1,1.91,4.31
1908,Kepler-1307,1,2.47,6.66
1909,Kepler-1308,1,0.52,0.093
1910,Kepler-1309,1,2.37,6.21
1912,Kepler-1310,1,1.44,2.67
1915,Kepler-1313,1,1.76,3.75
1916,Kepler-1314,1,5.11,22.9
1918,Kepler-1316,1,3.54,12.3
1919,Kepler-1317,1,1.56,3.05
1920,Kepler-1318,1,3.11,9.85
1921,Kepler-1319,1,1.34,2.36
1923,Kepler-1320,1,1.7,3.53
1926,Kepler-1323,1,1.52,2.92
1927,Kepler-1324,1,1.51,2.89
1928,Kepler-1325,1,2.86,8.55
1929,Kepler-1326,1,4.18,16.3
1930,Kepler-1327,1,1.8,3.89
1931,Kepler-1328,1,0.98,0.904
1932,Kepler-1329,1,2.17,5.35
1934,Kepler-1330,1,1.65,3.36
1935,Kepler-1331,1,1.05,1.16
1936,Kepler-1332,1,1.37,2.45
1937,Kepler-1333,1,2.81,8.3
1938,Kepler-1334,1,2.29,5.86
1939,Kepler-1335,1,1.45,2.7
1941,Kepler-1337,1,2.41,6.39
1942,Kepler-1338,1,0.92,0.721
1943,Kepler-1339,1,0.71,0.285
1945,Kepler-1340,1,1.55,3.02
1946,Kepler-1341,1,2.99,9.22
1947,Kepler-1342,1,1.66,3.39
1948,Kepler-1343,1,1.93,4.38
1949,Kepler-1344,1,1.84,4.04
1950,Kepler-1345,1,2.36,6.17
1951,Kepler-1346,1,1.58,3.12
1952,Kepler-1347,1,1.03,1.08
1953,Kepler-1348,1,1.94,4.42
1954,Kepler-1349,1,0.7,0.271
1957,Kepler-1351,1,0.65,0.208
1958,Kepler-1352,1,0.89,0.64
1959,Kepler-1353,1,1.8,3.89
1960,Kepler-1354,1,2.97,9.11
1961,Kepler-1355,1,1.46,2.73
1962,Kepler-1356,1,1.53,2.96
1963,Kepler-1357,1,1.28,2.18
1964,Kepler-1358,1,1.12,1.46
1965,Kepler-1359,1,2.83,8.4
1967,Kepler-1360,1,3.4,11.5
1968,Kepler-1361,1,0.86,0.566
1969,Kepler-1362,1,2.6,7.27
1970,Kepler-1363,1,1.25,2.1
1971,Kepler-1364,1,2.15,5.27
1973,Kepler-1366,1,1.43,2.63
1974,Kepler-1367,1,0.92,0.721
1975,Kepler-1368,1,1.65,3.36
1976,Kepler-1369,1,2.69,7.7
1980,Kepler-1372,1,1.27,2.15
1981,Kepler-1373,1,1.16,1.65
1982,Kepler-1374,1,2.29,5.86
1983,Kepler-1375,1,1.74,3.68
1984,Kepler-1376,1,1.05,1.16
1985,Kepler-1377,1,1.25,2.1
1986,Kepler-1378,1,2.2,5.48
1987,Kepler-1379,1,1.3,2.24
1989,Kepler-1380,1,1.43,2.63
1990,Kepler-1381,1,2.25,5.69
1991,Kepler-1382,1,1.88,4.19
1992,Kepler-1383,1,1.41,2.57
1993,Kepler-1384,1,1.94,4.42
1994,Kepler-1385,1,0.85,0.543
1995,Kepler-1386,1,1.24,2.07
1996,Kepler-1387,1,0.93,0.749
1998,Kepler-1389,1,1.77,3.78
2000,Kepler-1390,1,1.18,1.76
2001,Kepler-1391,1,1.68,3.46
2002,Kepler-1392,1,1.96,4.5
2003,Kepler-1393,1,0.8,0.437
2004,Kepler-1394,1,1.39,2.51
2005,Kepler-1395,1,0.8,0.437
2006,Kepler-1396,1,2.07,4.94
2007,Kepler-1397,1,1.72,3.61
2009,Kepler-1399,1,1.25,2.1
2010,Kepler-14,1,12.733,2669.66
2012,Kepler-1400,1,1.62,3.26
2013,Kepler-1401,1,1.68,3.46
2014,Kepler-1402,1,0.76,0.363
2015,Kepler-1403,1,2.14,5.22
2016,Kepler-1404,1,2.01,4.7
2017,Kepler-1405,1,3.96,14.9
2018,Kepler-1406,1,1.1,1.37
2019,Kepler-1407,1,2.25,5.69
2020,Kepler-1408,1,0.89,0.64
2021,Kepler-1409,1,1.04,1.12
2023,Kepler-1410,1,1.78,3.82
2024,Kepler-1411,1,2.82,8.35
2025,Kepler-1412,1,0.83,0.498
2026,Kepler-1413,1,1.82,3.97
2027,Kepler-1414,1,1.23,2.04
2028,Kepler-1415,1,1.29,2.21
2029,Kepler-1416,1,0.88,0.615
2030,Kepler-1417,1,1.0,0.972
2031,Kepler-1418,1,1.66,3.39
2032,Kepler-1419,1,2.86,8.55
2034,Kepler-1420,1,1.28,2.18
2035,Kepler-1421,1,0.93,0.749
2036,Kepler-1422,1,2.02,4.74
2037,Kepler-1423,1,1.06,1.2
2038,Kepler-1424,1,1.16,1.65
2039,Kepler-1425,1,0.94,0.779
2040,Kepler-1426,1,1.56,3.05
2041,Kepler-1427,1,1.1,1.37
2042,Kepler-1428,1,1.64,3.33
2043,Kepler-1429,1,1.29,2.21
2045,Kepler-1430,1,1.18,1.76
2046,Kepler-1431,1,1.47,2.76
2047,Kepler-1432,1,2.22,5.56
2048,Kepler-1433,1,1.56,3.05
2049,Kepler-1434,1,1.11,1.41
2050,Kepler-1435,1,0.86,0.566
2051,Kepler-1436,1,1.31,2.27
2052,Kepler-1437,1,1.37,2.45
2053,Kepler-1438,1,0.94,0.779
2054,Kepler-1439,1,1.46,2.73
2056,Kepler-1440,1,1.26,2.13
2057,Kepler-1441,1,1.31,2.27
2058,Kepler-1442,1,3.93,14.7
2059,Kepler-1443,1,0.97,0.871
2060,Kepler-1444,1,2.18,5.39
2061,Kepler-1445,1,0.96,0.84
2062,Kepler-1446,1,0.82,0.477
2063,Kepler-1447,1,2.9,8.75
2064,Kepler-1448,1,1.61,3.22
2065,Kepler-1449,1,1.68,3.46
2067,Kepler-1450,1,1.71,3.57
2068,Kepler-1451,1,3.35,11.2
2069,Kepler-1452,1,2.7,7.75
2070,Kepler-1453,1,2.67,7.61
2071,Kepler-1454,1,1.88,4.19
2072,Kepler-1455,1,2.16,5.31
2073,Kepler-1456,1,1.14,1.55
2074,Kepler-1457,1,1.99,4.62
2075,Kepler-1458,1,2.76,8.05
2076,Kepler-1459,1,1.36,2.42
2078,Kepler-1460,1,1.96,4.5
2079,Kepler-1461,1,2.03,4.78
2080,Kepler-1462,1,3.82,14.0
2081,Kepler-1463,1,1.86,4.12
2083,Kepler-1465,1,1.77,3.78
2084,Kepler-1466,1,1.55,3.02
2085,Kepler-1467,1,3.3,10.9
2087,Kepler-1469,1,2.8,8.25
2089,Kepler-1470,1,1.07,1.24
2091,Kepler-1472,1,1.9,4.27
2092,Kepler-1473,1,1.19,1.81
2093,Kepler-1474,1,2.16,5.31
2094,Kepler-1475,1,2.92,8.85
2095,Kepler-1476,1,1.67,3.43
2096,Kepler-1477,1,1.18,1.76
2097,Kepler-1478,1,1.73,3.64
2098,Kepler-1479,1,1.83,4.01
2100,Kepler-1480,1,1.67,3.43
2101,Kepler-1481,1,1.23,2.04
2102,Kepler-1482,1,1.01,1.01
2103,Kepler-1483,1,1.52,2.92
2104,Kepler-1484,1,2.11,5.1
2105,Kepler-1485,1,1.47,2.76
2106,Kepler-1486,1,2.32,5.99
2111,Kepler-1490,1,3.04,9.48
2113,Kepler-1492,1,1.49,2.83
2114,Kepler-1493,1,1.41,2.57
2115,Kepler-1494,1,3.07,9.64
2116,Kepler-1495,1,2.94,8.96
2117,Kepler-1496,1,2.22,5.56
2118,Kepler-1497,1,1.66,3.39
2119,Kepler-1498,1,1.33,2.33
2120,Kepler-1499,1,1.19,1.81
2121,Kepler-15,1,10.76,209.76
2123,Kepler-1500,1,1.2,1.87
2124,Kepler-1501,1,1.56,3.05
2125,Kepler-1502,1,3.18,10.2
2126,Kepler-1503,1,2.27,5.77
2127,Kepler-1504,1,2.13,5.18
2128,Kepler-1505,1,0.93,0.749
2129,Kepler-1506,1,1.32,2.3
2130,Kepler-1507,1,0.84,0.52
2131,Kepler-1508,1,1.33,2.33
2132,Kepler-1509,1,1.85,4.08
2134,Kepler-1510,1,3.36,11.2
2135,Kepler-1511,1,1.68,3.46
2136,Kepler-1512,1,1.18,1.76
2139,Kepler-1515,1,9.55,66.2
2140,Kepler-1516,1,1.75,3.71
2141,Kepler-1517,1,9.76,68.7
2143,Kepler-1519,1,7.06,39.6
2145,Kepler-1520,1,5.77,28.1
2146,Kepler-1521,1,2.5,6.8
2147,Kepler-1522,1,1.73,3.64
2148,Kepler-1523,1,1.58,3.12
2149,Kepler-1524,1,3.54,12.3
2150,Kepler-1525,1,0.91,0.693
2151,Kepler-1526,1,2.43,6.48
2152,Kepler-1527,1,4.77,20.4
2153,Kepler-1528,1,1.46,2.73
2154,Kepler-1529,1,2.1,5.06
2157,Kepler-1531,1,1.11,1.41
2158,Kepler-1532,1,1.35,2.39
2159,Kepler-1533,1,3.46,11.8
2160,Kepler-1534,1,1.89,4.23
2161,Kepler-1535,1,2.55,7.04
2162,Kepler-1536,1,3.14,10.0
2163,Kepler-1537,1,1.18,1.76
2164,Kepler-1538,1,2.82,8.35
2165,Kepler-1539,1,2.7,7.75
2167,Kepler-1540,1,2.49,6.76
2168,Kepler-1541,1,1.16,1.65
2170,Kepler-1543,1,2.71,7.8
2171,Kepler-1544,1,1.78,3.82
2172,Kepler-1545,1,2.7,7.75
2173,Kepler-1546,1,3.13,9.96
2174,Kepler-1547,1,0.9,0.666
2175,Kepler-1548,1,2.64,7.46
2176,Kepler-1549,1,2.57,7.13
2178,Kepler-1550,1,3.02,9.38
2179,Kepler-1551,1,2.66,7.56
2180,Kepler-1552,1,2.47,6.66
2181,Kepler-1553,1,1.15,1.6
2182,Kepler-1554,1,2.9,8.75
2183,Kepler-1555,1,1.61,3.22
2184,Kepler-1556,1,1.96,4.5
2185,Kepler-1557,1,1.53,2.96
2186,Kepler-1558,1,0.68,0.244
2187,Kepler-1559,1,0.72,0.299
2189,Kepler-1560,1,0.89,0.64
2190,Kepler-1561,1,1.09,1.32
2191,Kepler-1562,1,3.55,12.3
2192,Kepler-1563,1,0.75,0.347
2193,Kepler-1564,1,1.47,2.76
2194,Kepler-1565,1,1.19,1.81
2195,Kepler-1566,1,0.79,0.418
2196,Kepler-1567,1,2.73,7.9
2197,Kepler-1568,1,1.3,2.24
2198,Kepler-1569,1,1.68,3.46
2200,Kepler-1570,1,1.07,1.24
2201,Kepler-1571,1,1.52,2.92
2202,Kepler-1572,1,0.94,0.779
2203,Kepler-1573,1,1.2,1.87
2204,Kepler-1574,1,1.29,2.21
2205,Kepler-1575,1,1.31,2.27
2206,Kepler-1576,1,1.04,1.12
2207,Kepler-1577,1,1.13,1.51
2208,Kepler-1578,1,1.04,1.12
2209,Kepler-1579,1,0.84,0.52
2211,Kepler-1580,1,2.11,5.1
2212,Kepler-1581,1,0.8,0.437
2213,Kepler-1582,1,1.49,2.83
2214,Kepler-1583,1,0.6,0.156
2215,Kepler-1584,1,1.61,3.22
2216,Kepler-1585,1,1.79,3.86
2217,Kepler-1586,1,1.52,2.92
2218,Kepler-1587,1,1.33,2.33
2219,Kepler-1588,1,0.76,0.363
2220,Kepler-1589,1,1.09,1.32
2222,Kepler-1590,1,1.14,1.55
2223,Kepler-1591,1,1.27,2.15
2224,Kepler-1592,1,1.54,2.99
2225,Kepler-1593,1,3.17,10.2
2226,Kepler-1594,1,1.06,1.2
2227,Kepler-1595,1,1.23,2.04
2228,Kepler-1596,1,1.9,4.27
2229,Kepler-1597,1,1.06,1.2
2230,Kepler-1598,1,0.95,0.809
2231,Kepler-1599,1,1.62,3.26
2232,Kepler-16,1,8.449,105.833
2235,Kepler-1601,1,0.82,0.477
2236,Kepler-1602,1,1.34,2.36
2237,Kepler-1603,1,1.29,2.21
2238,Kepler-1604,1,1.41,2.57
2239,Kepler-1605,1,1.08,1.28
2240,Kepler-1606,1,2.07,4.94
2241,Kepler-1607,1,0.92,0.721
2242,Kepler-1608,1,1.73,3.64
2243,Kepler-1609,1,2.22,5.56
2246,Kepler-1611,1,0.81,0.457
2247,Kepler-1612,1,1.03,1.08
2248,Kepler-1613,1,2.08,4.98
2249,Kepler-1614,1,1.49,2.83
2250,Kepler-1615,1,2.06,4.9
2251,Kepler-1616,1,1.02,1.04
2252,Kepler-1617,1,1.2,1.87
2253,Kepler-1618,1,1.26,2.13
2254,Kepler-1619,1,0.76,0.363
2256,Kepler-1620,1,1.61,3.22
2257,Kepler-1621,1,2.16,5.31
2258,Kepler-1622,1,1.47,2.76
2259,Kepler-1623,1,1.31,2.27
2260,Kepler-1624,1,5.7,27.6
2261,Kepler-1625,1,6.06,30.6
2262,Kepler-1626,1,2.02,4.74
2263,Kepler-1627,1,3.69,13.2
2264,Kepler-1628,1,6.43,33.8
2265,Kepler-1629,1,0.77,0.381
2267,Kepler-1630,1,2.19,5.43
2268,Kepler-1631,1,1.35,2.39
2269,Kepler-1632,1,2.47,6.66
2270,Kepler-1633,1,1.58,3.12
2271,Kepler-1634,1,3.19,10.3
2272,Kepler-1635,1,3.64,12.9
2273,Kepler-1636,1,3.23,10.5
2274,Kepler-1637,1,0.89,0.64
2275,Kepler-1638,1,1.87,4.16
2276,Kepler-1639,1,2.58,7.18
2278,Kepler-1640,1,4.82,20.7
2281,Kepler-1643,1,2.32,5.99
2282,Kepler-1644,1,1.88,4.19
2283,Kepler-1645,1,1.78,3.82
2284,Kepler-1646,1,1.23,2.04
2285,Kepler-1647,1,11.874,483.0
2288,Kepler-1650,1,0.96,0.84
2289,Kepler-1651,1,1.84,4.04
2290,Kepler-1652,1,1.6,3.19
2291,Kepler-1653,1,2.17,5.35
2292,Kepler-1654,1,9.18,158.915
2293,Kepler-1655,1,2.213,5.4
2296,Kepler-1660 A,1,12.9,1586.599
2297,Kepler-1661,1,3.87,17.0
2298,Kepler-1663,1,3.304,10.9
2299,Kepler-1664,1,3.033,9.45
2300,Kepler-1665,1,2.839,8.44
2302,Kepler-1667,1,2.984,9.19
2303,Kepler-1668,1,4.348,17.4
2306,Kepler-1670,1,3.356,11.2
2307,Kepler-1671,1,1.326,2.32
2308,Kepler-1672,1,2.97,9.11
2309,Kepler-1673,1,2.936,8.93
2310,Kepler-1674,1,3.206,10.4
2311,Kepler-1675,1,3.125,9.93
2312,Kepler-1676,1,3.377,11.3
2313,Kepler-1677,1,2.702,7.76
2314,Kepler-1678,1,3.304,10.9
2315,Kepler-1679,1,2.069,4.93
2317,Kepler-1680,1,1.36,2.42
2318,Kepler-1681,1,2.553,7.05
2319,Kepler-1682,1,2.889,8.7
2320,Kepler-1683,1,1.875,4.17
2321,Kepler-1684,1,2.871,8.6
2322,Kepler-1685,1,2.577,7.16
2323,Kepler-1686,1,1.426,2.62
2324,Kepler-1687,1,1.656,3.38
2325,Kepler-1688,1,1.262,2.13
2326,Kepler-1689,1,0.947,0.799
2328,Kepler-1690,1,2.811,8.3
2329,Kepler-1691,1,1.835,4.02
2330,Kepler-1692,1,1.112,1.42
2332,Kepler-1694,1,1.18,1.76
2333,Kepler-1695,1,1.119,1.46
2334,Kepler-1696,1,2.81,8.29
2335,Kepler-1697,1,1.26,2.12
2336,Kepler-1698,1,1.073,1.25
2337,Kepler-1699,1,1.567,3.08
2338,Kepler-17,1,14.68,778.65
2340,Kepler-1700,1,2.901,8.76
2341,Kepler-1701,1,2.222,5.57
2342,Kepler-1702,1,1.602,3.2
2343,Kepler-1704,1,11.949,1322.166
2345,Kepler-1708,1,9.96,1462.011
2346,Kepler-1709,1,3.124,9.93
2348,Kepler-1710,1,3.197,3.495
2349,Kepler-1711,1,1.923,4.36
2350,Kepler-1712,1,2.284,5.83
2351,Kepler-1713,1,1.717,3.59
2352,Kepler-1714,1,3.264,10.7
2353,Kepler-1715,1,4.14,16.0
2354,Kepler-1716,1,2.425,6.46
2355,Kepler-1717,1,2.989,9.21
2356,Kepler-1718,1,2.569,7.12
2357,Kepler-1719,1,3.95,14.8
2359,Kepler-1720,1,3.216,10.4
2360,Kepler-1721,1,3.119,9.9
2361,Kepler-1722,1,2.867,8.58
2362,Kepler-1723,1,2.88,8.65
2363,Kepler-1724,1,2.837,8.43
2364,Kepler-1725,1,2.813,8.31
2365,Kepler-1726,1,2.509,6.84
2366,Kepler-1727,1,3.173,10.2
2367,Kepler-1728,1,2.955,9.04
2368,Kepler-1729,1,3.894,14.4
2370,Kepler-1730,1,4.485,18.4
2371,Kepler-1731,1,2.933,8.92
2372,Kepler-1732,1,4.099,15.7
2373,Kepler-1733,1,3.636,12.8
2374,Kepler-1734,1,3.089,9.74
2375,Kepler-1735,1,1.194,1.84
2376,Kepler-1736,1,3.877,14.3
2377,Kepler-1737,1,5.395,25.1
2378,Kepler-1738,1,2.825,8.37
2379,Kepler-1739,1,2.431,6.48
2381,Kepler-1740,1,3.323,11.0
2382,Kepler-1741,1,1.273,2.16
2383,Kepler-1742,1,2.178,5.38
2384,Kepler-1743,1,1.599,3.18
2385,Kepler-1744,1,3.768,13.6
2386,Kepler-1745,1,1.929,4.38
2387,Kepler-1746,1,8.935,59.1
2388,Kepler-1747,1,4.265,16.8
2389,Kepler-1748,1,2.713,7.81
2390,Kepler-1749,1,1.613,3.23
2392,Kepler-1750,1,6.004,30.1
2393,Kepler-1751,1,1.824,3.98
2394,Kepler-1752,1,4.541,18.7
2395,Kepler-1753,1,2.227,5.59
2396,Kepler-1754,1,2.44,6.53
2397,Kepler-1755,1,5.917,29.4
2398,Kepler-1756,1,1.472,2.77
2399,Kepler-1757,1,2.947,8.99
2400,Kepler-1758,1,2.571,7.13
2401,Kepler-1759,1,0.904,0.676
2403,Kepler-1760,1,2.29,5.86
2404,Kepler-1761,1,1.391,2.51
2405,Kepler-1762,1,2.76,8.05
2406,Kepler-1763,1,1.147,1.59
2407,Kepler-1764,1,4.555,18.8
2408,Kepler-1765,1,2.495,6.78
2409,Kepler-1766,1,2.279,5.81
2410,Kepler-1767,1,3.013,9.34
2411,Kepler-1768,1,2.233,5.62
2412,Kepler-1769,1,4.465,18.2
2414,Kepler-1770,1,2.841,8.45
2415,Kepler-1771,1,4.055,15.5
2416,Kepler-1772,1,2.686,7.68
2417,Kepler-1773,1,3.505,12.1
2418,Kepler-1774,1,3.182,10.2
2419,Kepler-1775,1,3.648,12.9
2420,Kepler-1776,1,2.612,7.33
2421,Kepler-1777,1,2.132,5.19
2422,Kepler-1778,1,3.017,9.36
2423,Kepler-1779,1,3.033,9.44
2425,Kepler-1780,1,3.606,12.7
2426,Kepler-1781,1,2.381,6.26
2427,Kepler-1782,1,2.229,5.6
2428,Kepler-1783,1,1.319,2.3
2429,Kepler-1784,1,2.799,8.24
2430,Kepler-1785,1,2.704,7.77
2431,Kepler-1786,1,3.163,10.1
2432,Kepler-1787,1,2.319,5.99
2433,Kepler-1788,1,2.379,6.25
2434,Kepler-1789,1,2.831,8.4
2436,Kepler-1790,1,3.145,10.0
2437,Kepler-1791,1,3.121,9.91
2438,Kepler-1792,1,2.52,6.89
2439,Kepler-1793,1,3.79,13.8
2440,Kepler-1794,1,1.794,3.87
2441,Kepler-1795,1,1.663,3.4
2442,Kepler-1796,1,2.75,8.0
2443,Kepler-1797,1,3.058,9.58
2444,Kepler-1798,1,2.309,5.94
2445,Kepler-1799,1,4.128,15.9
2448,Kepler-1800,1,0.997,0.961
2451,Kepler-1804,1,1.596,3.18
2452,Kepler-1805,1,1.545,3.0
2453,Kepler-1806,1,2.356,6.15
2454,Kepler-1807,1,2.704,7.77
2455,Kepler-1808,1,3.025,9.4
2456,Kepler-1809,1,1.513,2.9
2458,Kepler-1810,1,3.918,14.6
2459,Kepler-1811,1,3.848,14.1
2460,Kepler-1812,1,2.325,6.01
2461,Kepler-1813,1,1.413,2.58
2463,Kepler-1815,1,2.749,7.99
2464,Kepler-1816,1,1.968,4.53
2465,Kepler-1817,1,2.273,5.79
2466,Kepler-1818,1,1.714,3.58
2467,Kepler-1819,1,3.904,14.5
2469,Kepler-1820,1,3.119,9.9
2470,Kepler-1821,1,2.592,7.24
2471,Kepler-1822,1,2.648,7.5
2472,Kepler-1823,1,2.086,5.0
2473,Kepler-1824,1,2.381,6.26
2474,Kepler-1825,1,1.422,2.61
2475,Kepler-1826,1,1.475,2.78
2476,Kepler-1827,1,1.856,4.1
2477,Kepler-1828,1,2.116,5.13
2478,Kepler-1829,1,2.479,6.71
2480,Kepler-1830,1,3.33,11.1
2481,Kepler-1831,1,1.97,4.54
2482,Kepler-1832,1,1.227,2.02
2483,Kepler-1833,1,1.3,2.24
2485,Kepler-1835,1,3.534,12.2
2486,Kepler-1836,1,2.553,7.05
2487,Kepler-1837,1,2.067,4.92
2488,Kepler-1838,1,1.66,3.4
2489,Kepler-1839,1,1.949,4.46
2491,Kepler-1840,1,2.778,8.13
2492,Kepler-1841,1,1.489,2.82
2493,Kepler-1842,1,2.354,6.14
2494,Kepler-1843,1,2.709,7.8
2495,Kepler-1844,1,3.036,9.46
2496,Kepler-1845,1,2.438,6.52
2497,Kepler-1846,1,1.764,3.76
2498,Kepler-1847,1,2.745,7.97
2499,Kepler-1848,1,1.409,2.57
2500,Kepler-1849,1,2.387,6.29
2502,Kepler-1850,1,0.729,0.313
2503,Kepler-1851,1,3.9,14.5
2504,Kepler-1852,1,1.886,4.22
2505,Kepler-1853,1,1.519,2.92
2506,Kepler-1854,1,2.587,7.21
2507,Kepler-1855,1,1.216,1.96
2508,Kepler-1856,1,1.734,3.66
2509,Kepler-1857,1,1.961,4.5
2510,Kepler-1858,1,2.422,6.44
2513,Kepler-1860,1,1.139,1.55
2514,Kepler-1861,1,2.207,5.5
2515,Kepler-1862,1,2.203,5.49
2516,Kepler-1863,1,2.263,5.74
2517,Kepler-1864,1,0.754,0.353
2518,Kepler-1865,1,1.577,3.11
2519,Kepler-1866,1,2.082,4.99
2520,Kepler-1867,1,1.16,1.65
2521,Kepler-1868,1,3.15,10.1
2524,Kepler-1870,1,2.101,5.07
2525,Kepler-1871,1,2.422,6.44
2526,Kepler-1872,1,2.384,6.28
2527,Kepler-1873,1,1.626,3.28
2528,Kepler-1874,1,2.211,5.52
2529,Kepler-1875,1,3.227,10.5
2530,Kepler-1876,1,0.853,2.4
2531,Kepler-1877,1,0.624,0.179
2532,Kepler-1878,1,2.92,8.86
2533,Kepler-1879,1,2.065,4.92
2535,Kepler-1880,1,2.117,5.13
2536,Kepler-1881,1,2.981,9.17
2537,Kepler-1882,1,1.487,2.81
2538,Kepler-1883,1,3.251,10.6
2539,Kepler-1884,1,1.814,3.95
2540,Kepler-1885,1,1.511,2.89
2541,Kepler-1886,1,2.582,7.18
2542,Kepler-1887,1,2.925,8.88
2543,Kepler-1888,1,1.326,2.32
2544,Kepler-1889,1,2.944,8.98
2546,Kepler-1890,1,0.869,0.587
2547,Kepler-1891,1,1.521,2.93
2548,Kepler-1892,1,1.837,4.03
2549,Kepler-1893,1,1.706,3.55
2551,Kepler-1895,1,2.119,5.14
2552,Kepler-1896,1,3.099,9.8
2553,Kepler-1897,1,2.814,8.32
2554,Kepler-1898,1,0.934,0.76
2555,Kepler-1899,1,1.551,3.02
2558,Kepler-1900,1,1.623,3.27
2559,Kepler-1901,1,1.474,2.77
2560,Kepler-1902,1,1.176,1.74
2561,Kepler-1903,1,2.286,5.85
2562,Kepler-1904,1,1.39,2.51
2563,Kepler-1905,1,1.446,2.69
2564,Kepler-1906,1,2.776,8.13
2566,Kepler-1909,1,1.092,1.33
2568,Kepler-1910,1,1.184,1.78
2569,Kepler-1911,1,1.011,1.01
2570,Kepler-1912,1,1.357,2.41
2571,Kepler-1913,1,1.519,2.92
2572,Kepler-1914,1,2.943,8.97
2573,Kepler-1915,1,3.218,10.4
2574,Kepler-1916,1,2.618,7.35
2575,Kepler-1917,1,1.89,4.23
2576,Kepler-1918,1,2.298,5.89
2577,Kepler-1919,1,2.624,7.38
2579,Kepler-1920,1,2.954,9.03
2581,Kepler-1922,1,2.291,5.86
2582,Kepler-1923,1,1.96,4.5
2583,Kepler-1924,1,2.654,7.53
2584,Kepler-1925,1,3.002,9.28
2585,Kepler-1926,1,2.315,5.97
2586,Kepler-1927,1,3.406,11.5
2587,Kepler-1928,1,1.992,4.63
2588,Kepler-1929,1,3.073,9.65
2590,Kepler-1930,1,1.53,2.95
2591,Kepler-1931,1,2.653,7.53
2592,Kepler-1932,1,1.515,2.91
2593,Kepler-1933,1,1.18,1.76
2594,Kepler-1934,1,0.913,0.702
2595,Kepler-1935,1,2.503,6.82
2596,Kepler-1936,1,3.166,10.2
2597,Kepler-1937,1,3.023,9.39
2598,Kepler-1938,1,1.828,4.0
2599,Kepler-1939,1,1.165,1.68
2601,Kepler-1940,1,1.547,3.01
2602,Kepler-1941,1,2.65,7.51
2603,Kepler-1942,1,2.117,5.13
2604,Kepler-1943,1,1.549,3.02
2605,Kepler-1944,1,2.76,8.05
2606,Kepler-1945,1,1.289,2.21
2607,Kepler-1946,1,2.488,6.75
2608,Kepler-1947,1,1.01,1.01
2609,Kepler-1948,1,1.033,1.09
2610,Kepler-1949,1,2.22,5.56
2612,Kepler-1950,1,1.527,2.95
2613,Kepler-1951,1,2.321,6.0
2614,Kepler-1952,1,1.239,2.07
2615,Kepler-1953,1,1.286,2.2
2616,Kepler-1954,1,1.802,3.9
2617,Kepler-1955,1,1.167,1.69
2618,Kepler-1956,1,1.089,1.32
2619,Kepler-1957,1,0.944,0.79
2620,Kepler-1958,1,2.051,4.86
2621,Kepler-1959,1,1.143,1.57
2623,Kepler-1960,1,1.307,2.26
2624,Kepler-1961,1,1.619,3.25
2625,Kepler-1962,1,1.215,1.95
2626,Kepler-1963,1,0.744,0.337
2627,Kepler-1964,1,1.781,3.83
2628,Kepler-1965,1,1.354,2.4
2629,Kepler-1966,1,1.105,1.39
2630,Kepler-1967,1,0.73,0.315
2631,Kepler-1968,1,1.5,2.86
2632,Kepler-1969,1,1.682,3.47
2635,Kepler-1976,1,12.21,
2636,Kepler-1977,1,1.66,3.39
2637,Kepler-1978,1,2.67,7.61
2638,Kepler-1979,1,29.33,
2640,Kepler-1980,1,2.21,5.52
2641,Kepler-1981,1,9.23,62.5
2642,Kepler-1982,1,0.77,0.381
2643,Kepler-1983,1,2.33,6.04
2644,Kepler-1984,1,6.81,37.3
2645,Kepler-1985,1,2.27,5.77
2646,Kepler-1986,1,1.89,4.23
2648,Kepler-1988,1,1.53,2.96
2649,Kepler-1989,1,4.62,19.3
2653,Kepler-1992,1,0.91,0.693
2654,Kepler-1993,1,4.15,16.1
2655,Kepler-1994,1,0.51,0.087
2656,Kepler-1995,1,4.28,16.9
2658,Kepler-1997,1,2.28,5.82
2659,Kepler-1998,1,0.6,0.156
2660,Kepler-1999,1,3.29,10.8
2674,Kepler-21,1,1.639,7.5
2685,Kepler-22,1,2.1,9.1
2817,Kepler-34,1,8.564,69.92
2828,Kepler-35,1,8.16,40.363
2861,Kepler-38,1,4.3,122.0
2872,Kepler-39,1,13.9,6388.1
2883,Kepler-4,1,4.002,24.472
2884,Kepler-40,1,13.11,699.2
2893,Kepler-408,1,0.82,5.0
2894,Kepler-409,1,1.199,6.0
2895,Kepler-41,1,14.46,177.98
2896,Kepler-410 A,1,2.838,8.44
2898,Kepler-412,1,15.031,299.078
2899,Kepler-413,1,4.347,67.0
2907,Kepler-421,1,4.16,16.1
2908,Kepler-422,1,12.89,136.66
2909,Kepler-423,1,13.361,189.101
2911,Kepler-425,1,10.962,79.45
2912,Kepler-426,1,12.22,108.06
2913,Kepler-427,1,13.79,92.17
2914,Kepler-428,1,12.11,403.63
2915,Kepler-43,1,13.664,1026.591
2919,Kepler-433,1,16.25,896.24
2920,Kepler-434,1,12.67,908.96
2921,Kepler-435,1,22.31,266.97
2923,Kepler-437,1,2.14,5.22
2924,Kepler-438,1,1.12,1.46
2925,Kepler-439,1,2.24,5.65
2926,Kepler-44,1,12.22,317.82
2927,Kepler-440,1,1.86,4.12
2928,Kepler-441,1,1.64,3.33
2929,Kepler-442,1,1.34,2.36
2930,Kepler-443,1,2.33,6.04
2934,Kepler-447,1,18.49,435.41
2936,Kepler-45,1,10.76,160.497
2938,Kepler-452,1,1.63,3.29
2939,Kepler-453,1,6.204,16.0
2942,Kepler-461,1,2.58,7.18
2944,Kepler-463,1,3.05,9.53
2945,Kepler-464,1,3.3,10.9
2946,Kepler-465,1,2.95,9.01
2948,Kepler-467,1,2.25,5.69
2949,Kepler-468,1,13.34,
2951,Kepler-471,1,14.96,
2952,Kepler-472,1,3.22,10.5
2953,Kepler-473,1,4.08,15.6
2954,Kepler-474,1,3.06,9.59
2955,Kepler-475,1,2.49,6.76
2956,Kepler-476,1,3.08,9.69
2957,Kepler-477,1,2.07,4.94
2958,Kepler-478,1,2.71,7.8
2959,Kepler-479,1,2.12,5.14
2961,Kepler-480,1,2.78,8.15
2962,Kepler-481,1,2.5,6.8
2963,Kepler-482,1,2.36,6.17
2964,Kepler-483,1,3.21,10.4
2965,Kepler-484,1,2.28,5.82
2966,Kepler-485,1,14.41,
2968,Kepler-489,1,7.72,46.1
2970,Kepler-490,1,11.65,
2971,Kepler-491,1,8.92,59.0
2972,Kepler-493,1,15.13,
2974,Kepler-496,1,2.32,5.99
2975,Kepler-497,1,6.04,30.4
2976,Kepler-498,1,3.03,9.43
2977,Kepler-499,1,2.17,5.35
2978,Kepler-5,1,15.984,670.939
2980,Kepler-500,1,2.58,7.18
2982,Kepler-502,1,4.77,20.4
2983,Kepler-504,1,1.59,3.15
2984,Kepler-505,1,2.6,7.27
2985,Kepler-506,1,2.73,7.9
2986,Kepler-507,1,1.3,5.697
2987,Kepler-508,1,1.64,3.33
2988,Kepler-509,1,2.49,6.76
2990,Kepler-510,1,2.47,6.66
2992,Kepler-512,1,2.69,7.7
2993,Kepler-513,1,2.2,5.48
2994,Kepler-514,1,1.72,3.61
2995,Kepler-515,1,1.46,2.73
2996,Kepler-516,1,5.74,27.9
2997,Kepler-517,1,2.67,7.61
2998,Kepler-518,1,2.11,5.1
2999,Kepler-519,1,2.1,5.06
3002,Kepler-521,1,3.18,10.2
3003,Kepler-522,1,6.91,38.2
3004,Kepler-523,1,1.96,4.5
3006,Kepler-525,1,2.63,7.41
3007,Kepler-526,1,1.99,4.62
3008,Kepler-527,1,2.84,8.45
3009,Kepler-528,1,2.08,4.98
3012,Kepler-530,1,3.01,9.32
3013,Kepler-531,1,2.78,8.15
3014,Kepler-532,1,2.57,7.13
3015,Kepler-533,1,3.38,11.4
3017,Kepler-535,1,2.36,6.17
3018,Kepler-536,1,3.1,9.8
3019,Kepler-537,1,1.41,2.57
3020,Kepler-538,1,2.215,12.9
3023,Kepler-540,1,2.71,7.8
3024,Kepler-541,1,3.36,11.2
3025,Kepler-542,1,1.57,3.09
3026,Kepler-543,1,2.5,6.8
3027,Kepler-544,1,2.12,5.14
3028,Kepler-545,1,2.69,7.7
3029,Kepler-546,1,7.0,39.1
3030,Kepler-547,1,4.0,15.1
3031,Kepler-548,1,11.99,
3034,Kepler-550,1,4.42,17.9
3035,Kepler-551,1,2.73,7.9
3036,Kepler-552,1,3.95,14.8
3038,Kepler-554,1,4.29,17.0
3039,Kepler-555,1,2.83,8.4
3040,Kepler-556,1,2.24,5.65
3041,Kepler-557,1,2.67,7.61
3042,Kepler-558,1,2.37,6.21
3043,Kepler-559,1,3.61,12.7
3045,Kepler-560,1,1.72,3.61
3047,Kepler-562,1,5.21,23.7
3048,Kepler-563,1,3.09,9.75
3049,Kepler-564,1,4.63,19.4
3050,Kepler-565,1,3.64,12.9
3051,Kepler-566,1,2.15,5.27
3052,Kepler-567,1,2.25,5.69
3053,Kepler-568,1,2.26,5.73
3054,Kepler-569,1,3.16,10.1
3056,Kepler-570,1,2.45,6.57
3057,Kepler-571,1,2.64,7.46
3058,Kepler-572,1,2.58,7.18
3059,Kepler-573,1,2.79,8.2
3060,Kepler-574,1,2.39,6.3
3061,Kepler-575,1,2.39,6.3
3062,Kepler-576,1,3.27,10.7
3063,Kepler-577,1,2.55,7.04
3064,Kepler-578,1,2.0,4.66
3065,Kepler-579,1,2.0,4.66
3067,Kepler-580,1,2.57,7.13
3068,Kepler-581,1,2.63,7.41
3069,Kepler-582,1,3.68,13.1
3070,Kepler-583,1,2.28,5.82
3071,Kepler-584,1,4.21,16.5
3072,Kepler-585,1,2.83,8.4
3073,Kepler-586,1,2.79,8.2
3074,Kepler-587,1,2.23,5.6
3075,Kepler-588,1,2.63,7.41
3078,Kepler-590,1,4.02,15.2
3079,Kepler-591,1,3.39,11.4
3080,Kepler-592,1,2.39,6.3
3081,Kepler-593,1,2.87,8.6
3082,Kepler-594,1,2.18,5.39
3084,Kepler-596,1,3.46,11.8
3085,Kepler-597,1,2.37,6.21
3087,Kepler-599,1,2.84,8.45
3088,Kepler-6,1,14.617,212.31
3090,Kepler-600,1,2.9,8.75
3091,Kepler-601,1,1.9,4.27
3092,Kepler-602,1,2.09,5.02
3094,Kepler-604,1,2.59,7.22
3096,Kepler-606,1,3.31,11.0
3098,Kepler-608,1,3.64,12.9
3099,Kepler-609,1,3.35,11.2
3100,Kepler-61,1,2.15,5.27
3102,Kepler-611,1,1.65,3.36
3103,Kepler-612,1,2.84,8.45
3104,Kepler-613,1,2.29,5.86
3105,Kepler-614,1,2.39,6.3
3106,Kepler-615,1,1.74,3.68
3108,Kepler-617,1,1.32,2.3
3109,Kepler-618,1,2.6,7.27
3112,Kepler-620,1,3.32,11.0
3113,Kepler-621,1,2.3,5.9
3114,Kepler-622,1,2.13,5.18
3115,Kepler-623,1,3.01,9.32
3116,Kepler-624,1,2.31,5.95
3118,Kepler-626,1,2.29,5.86
3119,Kepler-627,1,3.73,13.4
3120,Kepler-629,1,1.38,2.48
3121,Kepler-63,1,6.11,120.0
3122,Kepler-630,1,3.18,10.2
3123,Kepler-631,1,2.9,8.75
3124,Kepler-632,1,2.21,5.52
3126,Kepler-634,1,1.89,4.23
3127,Kepler-635,1,2.64,7.46
3128,Kepler-636,1,4.45,18.1
3129,Kepler-637,1,4.75,20.2
3130,Kepler-638,1,1.83,4.01
3131,Kepler-639,1,2.38,6.26
3132,Kepler-640,1,2.56,7.08
3133,Kepler-641,1,1.85,4.08
3134,Kepler-642,1,2.9,8.75
3135,Kepler-643,1,10.16,321.008
3136,Kepler-644,1,3.15,10.1
3137,Kepler-645,1,2.1,5.06
3138,Kepler-646,1,1.99,4.62
3140,Kepler-648,1,3.22,10.5
3141,Kepler-649,1,2.26,5.73
3143,Kepler-650,1,2.96,9.06
3144,Kepler-651,1,2.37,6.21
3145,Kepler-652,1,2.49,6.76
3147,Kepler-654,1,2.07,4.94
3148,Kepler-655,1,2.71,7.8
3150,Kepler-657,1,3.52,12.2
3151,Kepler-658,1,1.63,3.29
3152,Kepler-659,1,2.5,6.8
3153,Kepler-66,1,2.8,8.25
3154,Kepler-660,1,2.57,7.13
3155,Kepler-661,1,3.07,9.64
3156,Kepler-662,1,2.18,5.39
3157,Kepler-663,1,2.6,7.27
3158,Kepler-664,1,2.66,7.56
3159,Kepler-665,1,2.6,7.27
3160,Kepler-666,1,2.4,6.35
3161,Kepler-667,1,4.73,20.1
3162,Kepler-668,1,2.7,7.75
3163,Kepler-669,1,4.83,20.8
3164,Kepler-67,1,2.94,8.96
3165,Kepler-670,1,13.18,
3166,Kepler-671,1,2.69,7.7
3167,Kepler-672,1,2.5,6.8
3168,Kepler-673,1,6.54,34.8
3169,Kepler-674,1,1.69,3.5
3170,Kepler-675,1,2.44,6.53
3171,Kepler-676,1,3.04,9.48
3172,Kepler-677,1,5.38,25.0
3173,Kepler-678,1,5.14,23.1
3174,Kepler-679,1,3.01,9.32
3176,Kepler-680,1,2.42,6.44
3177,Kepler-681,1,3.08,9.69
3178,Kepler-682,1,7.37,42.6
3179,Kepler-683,1,1.97,4.54
3180,Kepler-684,1,3.36,11.2
3181,Kepler-685,1,10.58,78.8
3182,Kepler-686,1,12.15,
3183,Kepler-687,1,3.52,12.2
3184,Kepler-688,1,9.76,68.7
3185,Kepler-689,1,2.89,8.7
3187,Kepler-690,1,5.95,29.6
3188,Kepler-691,1,2.09,5.02
3189,Kepler-692,1,3.11,9.85
3190,Kepler-693,1,10.18,73.8
3191,Kepler-694,1,2.8,8.25
3192,Kepler-695,1,9.21,62.3
3193,Kepler-696,1,6.14,31.3
3194,Kepler-697,1,4.13,16.0
3195,Kepler-698,1,3.68,13.1
3196,Kepler-7,1,18.181,140.163
3197,Kepler-700,1,5.99,30.0
3198,Kepler-701,1,2.84,8.45
3199,Kepler-702,1,9.17,61.8
3200,Kepler-703,1,8.2,51.1
3201,Kepler-704,1,2.61,7.32
3202,Kepler-705,1,2.11,5.1
3203,Kepler-707,1,1.33,2.33
3204,Kepler-708,1,2.93,8.91
3205,Kepler-709,1,2.92,8.85
3206,Kepler-710,1,1.88,4.19
3207,Kepler-711,1,3.41,11.5
3209,Kepler-713,1,2.48,6.71
3210,Kepler-714,1,9.67,67.6
3211,Kepler-715,1,3.75,13.5
3213,Kepler-717,1,2.42,6.44
3214,Kepler-718,1,16.56,
3215,Kepler-719,1,8.52,54.5
3216,Kepler-720,1,8.41,53.4
3217,Kepler-721,1,2.64,7.46
3219,Kepler-723,1,12.19,
3220,Kepler-724,1,3.29,10.8
3222,Kepler-726,1,3.26,10.7
3223,Kepler-727,1,2.53,6.94
3224,Kepler-728,1,3.34,11.1
3225,Kepler-729,1,3.58,12.5
3227,Kepler-731,1,13.88,
3229,Kepler-733,1,2.82,8.35
3230,Kepler-734,1,3.56,12.4
3231,Kepler-735,1,2.95,9.01
3232,Kepler-736,1,2.93,8.91
3233,Kepler-737,1,1.96,4.5
3234,Kepler-738,1,2.5,6.8
3235,Kepler-739,1,3.32,11.0
3236,Kepler-74,1,10.76,200.22
3237,Kepler-740,1,4.57,18.9
3238,Kepler-741,1,2.97,9.11
3239,Kepler-742,1,3.24,10.6
3240,Kepler-743,1,1.21,1.92
3241,Kepler-744,1,1.62,3.26
3242,Kepler-745,1,2.16,5.31
3243,Kepler-746,1,1.11,1.41
3244,Kepler-747,1,5.27,24.1
3245,Kepler-748,1,2.52,6.9
3246,Kepler-749,1,3.1,9.8
3247,Kepler-75,1,11.77,3209.9
3249,Kepler-751,1,2.46,6.62
3250,Kepler-752,1,2.81,8.3
3251,Kepler-753,1,1.91,4.31
3252,Kepler-754,1,2.01,4.7
3254,Kepler-756,1,1.12,1.46
3255,Kepler-757,1,1.36,2.42
3257,Kepler-759,1,2.27,5.77
3258,Kepler-76,1,15.244,638.838
3260,Kepler-761,1,2.03,4.78
3261,Kepler-762,1,12.68,
3263,Kepler-764,1,1.64,3.33
3264,Kepler-765,1,2.43,6.48
3265,Kepler-766,1,3.39,11.4
3266,Kepler-767,1,6.64,35.7
3267,Kepler-768,1,1.79,3.86
3269,Kepler-77,1,10.761,136.661
3271,Kepler-771,1,1.82,3.97
3272,Kepler-772,1,1.82,3.97
3273,Kepler-773,1,1.43,2.63
3274,Kepler-774,1,3.17,10.2
3275,Kepler-775,1,1.19,1.81
3276,Kepler-776,1,1.28,2.18
3277,Kepler-777,1,1.47,2.76
3278,Kepler-778,1,1.68,3.46
3279,Kepler-779,1,0.92,0.721
3280,Kepler-78,1,1.201,1.68
3281,Kepler-780,1,0.89,0.64
3282,Kepler-781,1,2.89,8.7
3283,Kepler-782,1,3.21,10.4
3286,Kepler-785,1,13.02,
3287,Kepler-786,1,2.43,6.48
3288,Kepler-787,1,1.28,2.18
3289,Kepler-788,1,2.55,7.04
3290,Kepler-789,1,2.12,5.14
3292,Kepler-790,1,2.18,5.39
3293,Kepler-791,1,3.05,9.53
3294,Kepler-792,1,1.96,4.5
3295,Kepler-793,1,1.37,2.45
3296,Kepler-794,1,2.11,5.1
3297,Kepler-795,1,1.68,3.46
3298,Kepler-796,1,1.3,2.24
3299,Kepler-797,1,2.17,5.35
3300,Kepler-798,1,2.39,6.3
3302,Kepler-8,1,15.872,187.52
3304,Kepler-800,1,2.85,8.5
3305,Kepler-801,1,2.0,4.66
3306,Kepler-802,1,3.54,12.3
3307,Kepler-803,1,3.79,13.8
3309,Kepler-805,1,2.89,8.7
3310,Kepler-806,1,1.14,1.55
3311,Kepler-808,1,1.46,2.73
3312,Kepler-809,1,3.01,9.32
3314,Kepler-810,1,1.93,4.38
3315,Kepler-811,1,2.7,7.75
3316,Kepler-812,1,3.55,12.3
3317,Kepler-813,1,2.14,5.22
3318,Kepler-814,1,2.12,5.14
3319,Kepler-815,1,4.11,15.8
3320,Kepler-816,1,10.24,74.5
3321,Kepler-817,1,9.03,60.2
3322,Kepler-818,1,5.11,22.9
3323,Kepler-819,1,2.76,8.05
3325,Kepler-820,1,6.09,30.8
3326,Kepler-821,1,1.31,2.27
3327,Kepler-822,1,1.77,3.78
3328,Kepler-823,1,1.57,3.09
3329,Kepler-824,1,1.87,4.16
3331,Kepler-826,1,1.25,2.1
3332,Kepler-827,1,5.63,27.0
3333,Kepler-828,1,1.51,2.89
3334,Kepler-829,1,2.11,5.1
3336,Kepler-830,1,1.7,3.53
3337,Kepler-831,1,1.27,2.15
3338,Kepler-832,1,2.06,4.9
3339,Kepler-833,1,2.02,4.74
3340,Kepler-834,1,2.02,4.74
3341,Kepler-835,1,2.79,8.2
3342,Kepler-836,1,2.73,7.9
3343,Kepler-837,1,2.56,7.08
3344,Kepler-838,1,2.73,7.9
3345,Kepler-839,1,2.57,7.13
3347,Kepler-841,1,5.23,23.8
3348,Kepler-842,1,1.6,3.19
3349,Kepler-843,1,2.59,7.22
3350,Kepler-844,1,1.68,3.46
3351,Kepler-845,1,2.04,4.82
3352,Kepler-846,1,2.48,6.71
3353,Kepler-847,1,1.18,1.76
3354,Kepler-848,1,1.7,3.53
3355,Kepler-849,1,8.082,298.759
3357,Kepler-850,1,1.78,3.82
3358,Kepler-851,1,1.68,3.46
3359,Kepler-852,1,2.54,6.99
3360,Kepler-853,1,1.69,3.5
3361,Kepler-855,1,8.35,52.7
3362,Kepler-856,1,9.3,63.3
3363,Kepler-857,1,6.8,37.2
3364,Kepler-858,1,4.87,21.1
3365,Kepler-859,1,3.09,9.75
3366,Kepler-860,1,3.24,10.6
3367,Kepler-861,1,2.28,5.82
3368,Kepler-862,1,2.21,5.52
3369,Kepler-863,1,2.9,8.75
3372,Kepler-866,1,1.63,3.29
3373,Kepler-867,1,4.64,19.4
3374,Kepler-868,1,2.05,4.86
3375,Kepler-869,1,3.61,12.7
3377,Kepler-870,1,2.78,8.15
3378,Kepler-871,1,3.74,13.5
3379,Kepler-872,1,1.99,4.62
3380,Kepler-873,1,3.75,13.5
3381,Kepler-874,1,3.94,14.7
3382,Kepler-875,1,2.9,8.75
3383,Kepler-876,1,1.43,2.63
3384,Kepler-877,1,2.12,5.14
3385,Kepler-878,1,1.93,4.38
3388,Kepler-881,1,1.78,3.82
3389,Kepler-882,1,1.23,2.04
3390,Kepler-883,1,1.78,3.82
3391,Kepler-884,1,1.23,2.04
3392,Kepler-885,1,2.5,6.8
3393,Kepler-886,1,1.52,2.92
3395,Kepler-888,1,1.76,3.75
3396,Kepler-889,1,1.09,1.32
3397,Kepler-890,1,8.89,58.6
3398,Kepler-891,1,6.41,33.6
3399,Kepler-892,1,2.81,8.3
3400,Kepler-893,1,3.03,9.43
3401,Kepler-894,1,2.78,8.15
3402,Kepler-895,1,1.54,2.99
3404,Kepler-897,1,2.39,6.3
3405,Kepler-898,1,1.49,2.83
3406,Kepler-899,1,2.68,7.65
3408,Kepler-900,1,2.08,4.98
3409,Kepler-901,1,1.37,2.45
3410,Kepler-902,1,2.54,6.99
3412,Kepler-904,1,1.77,3.78
3413,Kepler-905,1,1.41,2.57
3414,Kepler-906,1,2.11,5.1
3415,Kepler-907,1,1.2,1.87
3416,Kepler-908,1,1.22,1.98
3417,Kepler-909,1,1.47,2.76
3418,Kepler-91,1,15.323,257.442
3419,Kepler-910,1,0.82,0.477
3420,Kepler-911,1,2.6,7.27
3421,Kepler-912,1,2.8,8.25
3423,Kepler-914,1,1.38,2.48
3424,Kepler-915,1,1.5,2.86
3425,Kepler-916,1,1.76,3.75
3426,Kepler-917,1,1.91,4.31
3427,Kepler-918,1,1.74,3.68
3428,Kepler-919,1,2.25,5.69
3431,Kepler-921,1,2.87,8.6
3432,Kepler-922,1,1.42,2.6
3433,Kepler-923,1,1.38,2.48
3434,Kepler-924,1,3.07,9.64
3435,Kepler-925,1,2.34,6.08
3436,Kepler-926,1,2.31,5.95
3437,Kepler-927,1,1.72,3.61
3438,Kepler-928,1,1.59,3.15
3439,Kepler-929,1,1.11,1.41
3441,Kepler-930,1,2.13,5.18
3442,Kepler-931,1,1.33,2.33
3443,Kepler-932,1,1.37,2.45
3444,Kepler-933,1,2.46,6.62
3445,Kepler-934,1,2.09,5.02
3446,Kepler-935,1,1.35,2.39
3447,Kepler-936,1,1.45,2.7
3449,Kepler-938,1,2.22,5.56
3450,Kepler-939,1,1.75,3.71
3452,Kepler-940,1,3.34,11.1
3453,Kepler-941,1,3.08,9.69
3454,Kepler-942,1,2.13,5.18
3455,Kepler-943,1,5.93,29.5
3456,Kepler-944,1,2.63,7.41
3457,Kepler-945,1,2.63,7.41
3458,Kepler-946,1,1.93,4.38
3459,Kepler-947,1,2.28,5.82
3460,Kepler-948,1,1.85,4.08
3462,Kepler-95,1,3.42,13.0
3463,Kepler-950,1,8.98,59.6
3464,Kepler-951,1,5.59,26.7
3465,Kepler-952,1,7.65,45.4
3467,Kepler-954,1,2.32,5.99
3468,Kepler-955,1,3.13,9.96
3469,Kepler-956,1,3.0,9.27
3470,Kepler-957,1,5.5,25.9
3471,Kepler-958,1,2.06,4.9
3472,Kepler-959,1,4.38,17.6
3473,Kepler-96,1,2.67,8.46
3474,Kepler-960,1,2.29,5.86
3475,Kepler-961,1,2.55,7.04
3476,Kepler-962,1,1.97,4.54
3478,Kepler-964,1,2.12,5.14
3479,Kepler-965,1,3.38,11.4
3480,Kepler-966,1,4.13,16.0
3485,Kepler-970,1,2.609,7.31
3486,Kepler-971,1,2.13,5.18
3487,Kepler-972,1,4.65,19.5
3488,Kepler-973,1,1.96,4.5
3491,Kepler-976,1,3.96,14.9
3492,Kepler-977,1,2.62,7.37
3493,Kepler-978,1,2.99,9.22
3494,Kepler-979,1,2.72,7.85
3495,Kepler-98,1,1.99,3.55
3496,Kepler-980,1,2.67,7.61
3497,Kepler-981,1,2.31,5.95
3498,Kepler-982,1,2.25,5.69
3499,Kepler-983,1,2.36,6.17
3500,Kepler-984,1,2.12,5.14
3501,Kepler-985,1,2.98,9.17
3502,Kepler-986,1,2.36,6.17
3503,Kepler-987,1,3.26,10.7
3504,Kepler-988,1,2.07,4.94
3505,Kepler-989,1,2.21,5.52
3506,Kepler-99,1,1.48,6.15
3508,Kepler-991,1,2.54,6.99
3509,Kepler-992,1,1.62,3.26
3510,Kepler-993,1,2.97,9.11
3511,Kepler-994,1,1.6,3.19
3512,Kepler-995,1,2.7,7.75
3513,Kepler-996,1,1.98,4.58
3514,Kepler-997,1,1.36,2.42
3515,Kepler-998,1,2.32,5.99
3516,Kepler-999,1,2.34,6.08
3517,L 168-9,1,1.63,4.07
3518,L 363-38,1,2.0,4.67
3521,LHS 1478,1,1.242,2.33
3523,LHS 1815,1,1.088,1.58
3524,LHS 3154,1,3.69,13.15
3525,LHS 3844,1,1.303,2.25
3526,LHS 475,1,0.991,0.941
3527,LP 261-75 A,1,12.1,6674.397
3528,LP 714-47,1,4.7,30.8
3531,LSPM J2116+0234,1,3.71,13.3
3534,LTT 9779,1,4.72,29.32
3536,Luhman 16 A,1,11.9,9344.155
3537,Lupus-TR-3,1,9.976,257.431
3538,M62H,1,,785.036
3539,MASCARA-1,1,17.901,1175.971
3540,MASCARA-4,1,16.982,532.363
3541,MOA-2007-BLG-192L,1,1.63,3.3
3542,MOA-2007-BLG-400L,1,13.5,540.308
3543,MOA-2008-BLG-310L,1,5.18,23.4
3544,MOA-2008-BLG-379L,1,13.0,1300.0
3545,MOA-2009-BLG-266L,1,3.21,10.4
3546,MOA-2009-BLG-319L,1,9.64,67.3
3547,MOA-2009-BLG-387L,1,13.2,830.0
3548,MOA-2010-BLG-073L,1,12.4,3500.0
3549,MOA-2010-BLG-117L,1,14.2,170.0
3550,MOA-2010-BLG-328L,1,2.99,9.2
3551,MOA-2010-BLG-353L,1,11.1,86.0
3552,MOA-2010-BLG-477L,1,13.6,480.0
3553,MOA-2011-BLG-028L,1,5.99,30.0
3554,MOA-2011-BLG-262L,1,4.29,17.0
3555,MOA-2011-BLG-291L,1,4.43,18.0
3556,MOA-2011-BLG-293L,1,12.9,1500.0
3557,MOA-2011-BLG-322L,1,12.4,3690.0
3558,MOA-2012-BLG-006L,1,12.6,2700.0
3559,MOA-2012-BLG-505L,1,2.48,6.7
3560,MOA-2013-BLG-220L,1,13.2,871.0
3561,MOA-2013-BLG-605L,1,1.62,3.24
3562,MOA-2015-BLG-337L,1,6.42,33.7
3563,MOA-2016-BLG-227L,1,13.2,890.0
3564,MOA-2016-BLG-319L,1,14.1,200.0
3565,MOA-2016-BLG-526L,1,3.97,14.938
3566,MOA-2019-BLG-008L,1,12.2,5720.911
3567,MOA-2020-BLG-135L,1,3.37,11.3
3568,MOA-2020-BLG-208L,1,7.71,46.0
3569,MOA-2022-BLG-033L,1,3.52,12.15
3570,MOA-2022-BLG-091L,1,13.0,1141.004
3571,MOA-2022-BLG-249L,1,2.04,4.83
3572,MOA-2022-BLG-563L,1,14.0,127.131
3573,MOA-bin-1L,1,13.0,1200.0
3574,MOA-bin-29,1,14.1,190.0
3575,MWC 758,1,,
3576,MXB 1658-298,1,12.0,7532.571
3577,NGC 2682 Sand 1429,1,13.4,572.091
3578,NGC 2682 Sand 978,1,13.3,692.869
3579,NGC 2682 YBP 1194,1,12.3,101.706
3580,NGC 2682 YBP 1514,1,14.0,127.132
3581,NGC 2682 YBP 401,1,14.3,146.202
3582,NGTS-1,1,14.908,258.078
3583,NGTS-10,1,13.507,687.148
3584,NGTS-11,1,9.158,109.334
3585,NGTS-12,1,11.747,66.109
3586,NGTS-13,1,12.801,1538.297
3587,NGTS-14 A,1,4.977,29.24
3588,NGTS-15,1,12.33,238.689
3589,NGTS-16,1,14.572,211.992
3590,NGTS-17,1,13.899,242.821
3591,NGTS-18,1,13.563,129.992
3592,NGTS-2,1,17.878,235.194
3593,NGTS-20,1,11.994,947.129
3594,NGTS-21,1,14.908,750.075
3595,NGTS-23,1,14.202,194.829
3596,NGTS-24,1,13.608,165.271
3597,NGTS-25,1,11.467,203.092
3598,NGTS-26,1,14.886,92.806
3599,NGTS-27,1,15.648,188.472
3600,NGTS-3 A,1,16.589,756.435
3601,NGTS-30,1,10.402,305.115
3602,NGTS-31,1,18.046,355.968
3603,NGTS-32,1,15.917,181.162
3604,NGTS-33,1,18.383,1153.717
3605,NGTS-34,1,3.65,19.1
3606,NGTS-35,1,10.9,152.0
3607,NGTS-4,1,3.18,20.6
3608,NGTS-5,1,12.733,72.783
3609,NGTS-6,1,14.863,425.574
3610,NGTS-8,1,12.218,295.582
3611,NGTS-9,1,11.994,921.707
3613,NSVS 14256825,1,12.3,4497.294
3615,OGLE-2003-BLG-235L,1,13.2,830.0
3616,OGLE-2005-BLG-071L,1,13.0,1200.0
3617,OGLE-2005-BLG-169L,1,3.84,14.1
3618,OGLE-2005-BLG-390L,1,2.21,5.5
3620,OGLE-2006-BLG-284L A,1,14.3,144.0
3621,OGLE-2007-BLG-349L A,1,10.7,80.0
3622,OGLE-2007-BLG-368L,1,4.72,20.0
3623,OGLE-2008-BLG-092L,1,8.74,57.0
3624,OGLE-2008-BLG-355L,1,12.9,1500.0
3625,OGLE-2011-BLG-0173L,1,9.01,60.0
3626,OGLE-2011-BLG-0251L,1,14.2,170.0
3627,OGLE-2011-BLG-0265L,1,13.9,280.0
3629,OGLE-2012-BLG-0358L,1,13.4,588.0
3630,OGLE-2012-BLG-0406L,1,13.2,868.0
3631,OGLE-2012-BLG-0563L,1,13.6,120.0
3632,OGLE-2012-BLG-0724L,1,14.3,150.0
3633,OGLE-2012-BLG-0838L,1,8.39,53.1
3634,OGLE-2012-BLG-0950L,1,6.56,35.0
3635,OGLE-2013-BLG-0102L,1,12.3,4100.0
3636,OGLE-2013-BLG-0132L,1,11.6,92.0
3637,OGLE-2013-BLG-0341L B,1,1.16,1.66
3638,OGLE-2013-BLG-0911L,1,12.5,3020.0
3639,OGLE-2013-BLG-1721L,1,14.1,200.0
3640,OGLE-2013-BLG-1761L,1,13.2,860.0
3641,OGLE-2014-BLG-0124L,1,14.1,206.588
3642,OGLE-2014-BLG-0221L,1,12.9,1382.554
3643,OGLE-2014-BLG-0319L,1,14.1,181.162
3644,OGLE-2014-BLG-0676L,1,13.0,1169.609
3646,OGLE-2014-BLG-1760L,1,14.2,180.0
3647,OGLE-2015-BLG-0051L,1,14.0,230.0
3648,OGLE-2015-BLG-0954L,1,13.1,1100.0
3649,OGLE-2015-BLG-0966L,1,4.86,21.0
3650,OGLE-2015-BLG-1609L,1,10.4,76.279
3651,OGLE-2015-BLG-1649L,1,13.2,807.0
3652,OGLE-2015-BLG-1670L,1,4.42,17.9
3653,OGLE-2015-BLG-1771L,1,14.3,138.0
3654,OGLE-2016-BLG-0007L,1,1.09,1.32
3655,OGLE-2016-BLG-0263L,1,13.0,1300.0
3656,OGLE-2016-BLG-0613L AB,1,13.0,1330.0
3657,OGLE-2016-BLG-1067L,1,14.3,140.0
3658,OGLE-2016-BLG-1093L,1,14.0,225.658
3659,OGLE-2016-BLG-1190L,1,12.3,4253.0
3660,OGLE-2016-BLG-1195L,1,1.11,1.43
3661,OGLE-2016-BLG-1227L,1,13.9,250.0
3662,OGLE-2016-BLG-1266L,1,12.4,3813.941
3663,OGLE-2016-BLG-1598L,1,13.6,120.775
3664,OGLE-2016-BLG-1800L,1,13.2,823.176
3665,OGLE-2017-BLG-0173L,1,1.62,3.269
3666,OGLE-2017-BLG-0364L,1,10.3,75.8
3667,OGLE-2017-BLG-0373L,1,14.0,127.0
3668,OGLE-2017-BLG-0406L,1,14.2,130.0
3669,OGLE-2017-BLG-0448L,1,4.08,15.6
3670,OGLE-2017-BLG-0482L,1,2.95,9.0
3671,OGLE-2017-BLG-0604L,1,14.2,160.0
3672,OGLE-2017-BLG-0640L,1,13.5,514.882
3673,OGLE-2017-BLG-1049L,1,12.8,1760.0
3674,OGLE-2017-BLG-1099L,1,13.1,959.842
3675,OGLE-2017-BLG-1140L,1,13.5,505.0
3676,OGLE-2017-BLG-1237L,1,13.0,1207.748
3677,OGLE-2017-BLG-1275L,1,12.8,1875.188
3678,OGLE-2017-BLG-1375L,1,12.4,3585.0
3679,OGLE-2017-BLG-1434L,1,1.94,4.43
3680,OGLE-2017-BLG-1522L,1,14.0,240.0
3681,OGLE-2017-BLG-1691L,1,3.92,14.62
3682,OGLE-2017-BLG-1806L,1,2.15,5.27
3683,OGLE-2018-BLG-0298L,1,7.56,44.496
3684,OGLE-2018-BLG-0383L,1,2.41,6.4
3685,OGLE-2018-BLG-0506L,1,4.18,16.3
3686,OGLE-2018-BLG-0516L,1,4.73,20.1
3687,OGLE-2018-BLG-0532L,1,2.37,6.228
3688,OGLE-2018-BLG-0567L,1,12.3,101.705
3689,OGLE-2018-BLG-0596L,1,3.81,13.93
3690,OGLE-2018-BLG-0677L,1,1.82,3.96
3691,OGLE-2018-BLG-0740L,1,12.9,1500.0
3692,OGLE-2018-BLG-0799L,1,10.9,82.635
3693,OGLE-2018-BLG-0932L,1,13.9,282.867
3694,OGLE-2018-BLG-0962L,1,13.6,425.89
3695,OGLE-2018-BLG-0977L,1,2.41,6.4
3697,OGLE-2018-BLG-1119L,1,13.9,289.224
3698,OGLE-2018-BLG-1126L,1,4.41,17.798
3699,OGLE-2018-BLG-1185L,1,2.83,8.4
3700,OGLE-2018-BLG-1212L,1,9.32,63.566
3701,OGLE-2018-BLG-1269L,1,14.1,210.0
3702,OGLE-2018-BLG-1367L,1,13.8,301.937
3703,OGLE-2018-BLG-1428L,1,14.0,240.0
3704,OGLE-2018-BLG-1647L,1,13.8,308.294
3705,OGLE-2018-BLG-1700L,1,12.9,1400.0
3706,OGLE-2019-BLG-0249L,1,12.7,2262.938
3707,OGLE-2019-BLG-0299L,1,12.7,1976.893
3708,OGLE-2019-BLG-0304L,1,14.2,162.092
3709,OGLE-2019-BLG-0362L,1,13.1,1036.121
3711,OGLE-2019-BLG-0679L,1,13.1,1061.547
3712,OGLE-2019-BLG-0954L,1,12.3,4513.163
3713,OGLE-2019-BLG-0960L,1,1.39,2.5
3714,OGLE-2019-BLG-1053L,1,1.38,2.48
3715,OGLE-2019-BLG-1180L,1,13.5,555.246
3716,OGLE-2019-BLG-1470L A,1,13.3,699.222
3717,OGLE-2019-BLG-1492L,1,6.79,37.1
3718,OGLE-2023-BLG-0836L,1,12.9,1385.732
3719,OGLE-TR-10,1,14.011,197.046
3720,OGLE-TR-111,1,11.422,174.799
3721,OGLE-TR-113,1,12.251,400.449
3722,OGLE-TR-132,1,13.45,375.02
3723,OGLE-TR-182,1,12.666,320.995
3724,OGLE-TR-211,1,15.244,327.351
3725,OGLE-TR-56,1,15.278,441.77
3726,OGLE2-TR-L9,1,18.046,1430.175
3727,Oph 11,1,12.3,4449.62
3728,PDS 70,1,22.866,635.66
3729,PH1,1,6.18,169.0
3730,PH2,1,9.337,87.085
3731,POTS-1,1,10.548,734.16
3732,PSR B0329+54,1,1.22,1.97
3734,PSR B1620-26,1,13.3,794.575
3735,PSR J1719-1438,1,,382.8
3736,PSR J2322-2650,1,13.9,252.643
3737,PZ Tel,1,11.9,8581.367
3738,Pr0201,1,14.2,171.628
3741,Qatar-1,1,12.812,411.272
3742,Qatar-10,1,17.295,233.923
3743,Qatar-2,1,14.056,792.635
3744,Qatar-3,1,12.285,1369.847
3745,Qatar-4,1,12.722,1938.763
3746,Qatar-5,1,12.408,1373.026
3747,Qatar-6,1,11.904,212.31
3748,Qatar-7,1,19.055,597.52
3749,Qatar-8,1,14.404,117.915
3750,Qatar-9,1,11.31,378.218
3751,ROXs 12,1,12.2,5085.0
3752,ROXs 42 B,1,12.5,2860.0
3753,RR Cae,1,13.0,1334.886
3754,Ross 128,1,1.11,1.4
3755,Ross 176,1,1.84,4.57
3756,Ross 458,1,14.011,1906.98
3757,Ross 508,1,1.83,4.0
3758,SPECULOOS-3,1,0.977,0.894
3759,SR 12 AB,1,12.3,4131.62
3760,SWEEPS-11,1,12.666,3082.82
3761,SWEEPS-4,1,9.079,1207.7
3762,TAP 26,1,13.5,527.598
3763,TCP J05074264+2447555,1,4.72,20.0
3765,TIC 172900988 Aa,1,11.25,942.0
3766,TIC 237913194,1,12.52,617.226
3767,TIC 241249530,1,13.294,1582.785
3768,TIC 257060897,1,17.262,201.503
3770,TIC 365102760,1,6.21,19.2
3771,TIC 393818343,1,12.184,1379.375
3773,TIC 46432937,1,13.316,1017.051
3774,TIC 4672985,1,11.5,4049.134
3775,TIC 88785435,1,5.03,22.3
3776,TOI-1011,1,1.45,4.04
3780,TOI-1075,1,1.791,9.95
3781,TOI-1107,1,14.572,1064.725
3784,TOI-1135,1,9.341,51.42
3786,TOI-1173,1,9.19,27.4
3787,TOI-1174,1,2.562,32.0
3788,TOI-1180,1,3.072,10.0
3789,TOI-1181,1,17.026,374.72
3790,TOI-1184,1,2.39,6.8
3791,TOI-1194,1,8.717,120.0
3792,TOI-1199,1,10.514,75.961
3793,TOI-1201,1,2.415,6.28
3795,TOI-122,1,2.72,7.85
3796,TOI-1221,1,2.91,1112.399
3798,TOI-1227,1,9.572,66.5
3799,TOI-1231,1,3.65,15.4
3800,TOI-1235,1,1.69,6.69
3802,TOI-1244,1,2.467,6.6
3804,TOI-1248,1,6.808,27.4
3805,TOI-1249,1,3.271,11.9
3807,TOI-1259 A,1,11.456,140.162
3810,TOI-1268,1,9.1,96.4
3811,TOI-1269,1,2.401,6.4
3813,TOI-1273,1,11.097,70.558
3814,TOI-1278,1,12.218,5879.826
3815,TOI-1279,1,2.661,10.6
3816,TOI-128,1,2.219,5.56
3819,TOI-1295,1,15.693,451.316
3820,TOI-1296,1,14.116,95.3
3821,TOI-1298,1,9.658,99.0
3822,TOI-1301,1,2.477,6.7
3823,TOI-132,1,3.42,22.4
3824,TOI-1333,1,15.648,753.257
3829,TOI-139,1,2.457,6.6
3832,TOI-1411,1,1.199,2.0
3833,TOI-1416,1,1.62,3.48
3834,TOI-1420,1,11.89,25.1
3836,TOI-1431,1,16.701,991.625
3837,TOI-1437,1,2.24,9.6
3839,TOI-1439,1,4.243,38.5
3840,TOI-1442,1,1.17,1.71
3841,TOI-1443,1,2.304,30.0
3842,TOI-1444,1,1.418,3.58
3843,TOI-1448,1,2.749,19.5
3845,TOI-1451,1,2.611,15.2
3846,TOI-1452,1,1.672,4.82
3848,TOI-1467,1,1.92,9.0
3852,TOI-1478,1,11.994,279.689
3853,TOI-150,1,14.067,797.753
3854,TOI-1516,1,15.244,1004.338
3855,TOI-1518,1,21.017,731.005
3856,TOI-157,1,14.415,375.039
3857,TOI-1601,1,14.199,387.0
3858,TOI-163,1,16.69,387.753
3859,TOI-1630,1,2.417,6.42
3861,TOI-1648,1,2.54,7.4
3862,TOI-1659,1,2.255,5.71
3865,TOI-1680,1,1.466,2.75
3866,TOI-1683,1,2.638,7.45
3867,TOI-1685,1,1.421,3.07
3868,TOI-169,1,12.173,251.404
3869,TOI-1691,1,3.66,14.6
3870,TOI-1693,1,1.41,2.57
3872,TOI-1695,1,1.9,6.36
3873,TOI-1696,1,3.09,48.8
3874,TOI-1710,1,5.203,22.4
3875,TOI-1716,1,3.143,10.0
3876,TOI-172,1,10.817,1722.639
3877,TOI-1723,1,3.435,10.4
3878,TOI-1728,1,5.05,26.78
3880,TOI-1739,1,1.946,4.45
3881,TOI-1742,1,2.365,9.7
3882,TOI-1743,1,1.83,4.01
3883,TOI-1744,1,2.68,7.65
3885,TOI-1751,1,2.951,19.5
3886,TOI-1753,1,2.479,16.6
3887,TOI-1758,1,3.62,6.9
3888,TOI-1759,1,3.14,10.8
3889,TOI-1768,1,3.453,11.8
3890,TOI-1772,1,2.905,8.78
3891,TOI-1775,1,8.047,96.0
3892,TOI-1776,1,1.216,1.4
3893,TOI-1777,1,2.246,5.67
3896,TOI-1789,1,16.141,222.48
3897,TOI-1794,1,3.297,8.7
3899,TOI-1799,1,1.642,4.0
3900,TOI-1801,1,2.079,5.738
3902,TOI-1806,1,3.41,11.5
3903,TOI-1807,1,1.497,2.44
3904,TOI-181,1,6.956,46.169
3905,TOI-1811,1,11.142,308.929
3906,TOI-1820,1,12.778,731.005
3907,TOI-1823,1,7.541,67.4
3908,TOI-1824,1,2.744,16.0
3910,TOI-1842,1,12.349,89.4
3911,TOI-1846,1,1.792,3.87
3912,TOI-1853,1,3.46,73.2
3913,TOI-1855,1,18.495,360.1
3914,TOI-1859,1,9.752,68.6
3915,TOI-1860,1,1.31,2.27
3916,TOI-1883,1,5.65,27.2
3917,TOI-1898,1,9.396,129.0
3918,TOI-1899,1,11.097,212.945
3919,TOI-1937 A,1,13.978,638.835
3920,TOI-198,1,1.44,2.67
3922,TOI-1994,1,13.675,7024.008
3924,TOI-2005,1,11.994,2034.102
3926,TOI-2010,1,11.814,408.727
3928,TOI-2018,1,2.268,9.2
3929,TOI-2019,1,5.333,34.4
3930,TOI-2025,1,11.893,1144.182
3931,TOI-2031 A,1,14.202,254.263
3932,TOI-2046,1,16.141,731.005
3933,TOI-2048,1,2.61,7.32
3934,TOI-206,1,1.3,2.24
3935,TOI-2068,1,1.821,3.97
3937,TOI-2081,1,2.04,4.82
3938,TOI-2084,1,2.47,6.66
3939,TOI-2088,1,3.683,37.0
3943,TOI-2107,1,13.574,263.798
3944,TOI-2109,1,15.098,1595.499
3945,TOI-2120,1,2.122,6.8
3946,TOI-2128,1,2.089,4.5
3948,TOI-2136,1,2.19,6.37
3950,TOI-2145,1,12.419,1767.0
3951,TOI-2152,1,14.359,899.454
3952,TOI-2154,1,16.287,292.402
3953,TOI-2158,1,10.761,260.619
3955,TOI-2169 A,1,12.509,329.588
3956,TOI-2180,1,11.321,875.617
3957,TOI-2184,1,11.4,206.588
3958,TOI-2193 A,1,19.84,298.759
3959,TOI-2194,1,1.989,4.61
3960,TOI-2196,1,3.51,26.0
3961,TOI-220,1,3.03,13.8
3963,TOI-2207,1,11.153,203.41
3964,TOI-2211,1,1.561,3.06
3965,TOI-2236,1,14.37,502.169
3966,TOI-2257,1,2.194,5.45
3967,TOI-2260,1,1.62,3.26
3968,TOI-2266,1,1.54,2.99
3969,TOI-2274,1,2.45,6.57
3970,TOI-2285,1,1.77,19.5
3973,TOI-2328,1,9.976,50.853
3974,TOI-2337,1,10.088,508.525
3975,TOI-2338,1,11.209,1900.614
3977,TOI-2346,1,16.119,394.107
3978,TOI-2364,1,8.608,71.511
3979,TOI-2368,1,10.839,206.588
3980,TOI-237,1,1.44,2.67
3981,TOI-2373,1,10.424,2955.804
3982,TOI-2374,1,6.81,56.64
3983,TOI-2379,1,11.725,1830.692
3985,TOI-2382,1,12.251,235.193
3986,TOI-2384,1,11.489,624.851
3987,TOI-2406,1,2.86,15.6
3988,TOI-2407,1,4.26,16.8
3989,TOI-2411,1,1.68,3.46
3990,TOI-2416,1,9.864,953.485
3991,TOI-2420,1,15.02,294.627
3992,TOI-2421,1,10.368,105.837
3993,TOI-2427,1,1.8,3.89
3994,TOI-244,1,1.52,2.68
3995,TOI-2443,1,2.363,4.8
3996,TOI-2445,1,1.25,2.1
3997,TOI-2447,1,9.606,124.907
3998,TOI-2449,1,11.24,222.0
4000,TOI-2459,1,2.953,9.03
4001,TOI-2485,1,12.139,766.602
4002,TOI-2497,1,11.142,1531.933
4003,TOI-2498,1,6.06,34.62
4004,TOI-251,1,2.74,317.83
4005,TOI-2524,1,11.209,203.41
4007,TOI-2529,1,11.545,743.718
4009,TOI-2545,1,2.75,8.0
4010,TOI-2567,1,10.929,63.884
4011,TOI-257,1,7.163,43.86
4012,TOI-2570,1,13.641,260.619
4013,TOI-2580,1,17.374,200.232
4014,TOI-2583 A,1,14.46,79.457
4015,TOI-2587 A,1,12.072,69.287
4016,TOI-2589,1,12.106,1112.399
4017,TOI-260,1,1.71,4.23
4018,TOI-261,1,3.045,9.51
4019,TOI-262,1,2.07,4.94
4020,TOI-2641,1,18.103,122.682
4021,TOI-2669,1,19.728,193.875
4022,TOI-269,1,2.77,8.8
4024,TOI-2714,1,13.72,228.0
4025,TOI-2719,1,5.98,29.9
4026,TOI-2768,1,2.63,7.41
4027,TOI-277,1,2.65,7.51
4028,TOI-2796,1,17.262,139.844
4029,TOI-2803 A,1,18.114,309.883
4030,TOI-2818,1,15.278,225.658
4031,TOI-283,1,2.34,6.54
4032,TOI-2842,1,12.845,117.597
4034,TOI-2876,1,9.64,54.031
4035,TOI-2886,1,18.641,444.96
4036,TOI-2969,1,12.33,368.681
4037,TOI-2977,1,13.159,533.952
4038,TOI-2981,1,13.4,638.0
4039,TOI-2986,1,9.292,96.62
4040,TOI-2989,1,12.554,953.485
4041,TOI-2992,1,13.753,1058.369
4042,TOI-3023,1,16.432,197.054
4043,TOI-3071,1,7.16,68.2
4044,TOI-3082,1,3.662,13.0
4045,TOI-3135,1,13.653,327.363
4046,TOI-3160 A,1,13.765,378.216
4047,TOI-3235,1,11.4,211.356
4048,TOI-3261,1,3.82,30.3
4049,TOI-3288,1,11.209,670.618
4050,TOI-329,1,4.941,40.4
4051,TOI-332,1,3.2,57.2
4052,TOI-3321,1,15.558,176.077
4053,TOI-333,1,4.26,20.1
4054,TOI-3331 A,1,12.98,721.47
4055,TOI-3353,1,2.667,7.59
4056,TOI-3362,1,12.801,1598.359
4057,TOI-3364,1,12.229,530.773
4058,TOI-3464,1,13.765,397.286
4059,TOI-3474,1,14.673,193.875
4060,TOI-3486,1,10.57,99.162
4061,TOI-3493,1,3.22,8.97
4062,TOI-3523 A,1,15.973,435.425
4063,TOI-3540 A,1,23.539,375.038
4064,TOI-3568,1,5.3,26.4
4065,TOI-3593,1,11.03,565.735
4066,TOI-3629,1,8.295,82.635
4067,TOI-3682,1,12.801,69.287
4068,TOI-3688 A,1,13.081,311.472
4069,TOI-3693,1,12.599,324.185
4070,TOI-3714,1,11.321,222.48
4071,TOI-3757,1,12.0,85.3
4072,TOI-3785,1,5.14,14.95
4073,TOI-3807,1,18.495,330.542
4074,TOI-3819,1,13.137,352.79
4075,TOI-3837,1,10.873,187.519
4076,TOI-3856,1,13.596,171.627
4077,TOI-3877,1,11.68,99.798
4078,TOI-3884,1,6.43,32.59
4079,TOI-3894,1,15.278,260.619
4080,TOI-3912,1,14.28,129.038
4081,TOI-3919,1,12.319,1233.174
4082,TOI-3976 A,1,12.274,55.62
4083,TOI-3980,1,14.46,187.519
4084,TOI-3984 A,1,7.9,44.0
4087,TOI-4087,1,13.047,232.015
4088,TOI-4127,1,12.285,731.005
4089,TOI-4137,1,13.574,457.673
4090,TOI-4145 A,1,13.305,136.666
4091,TOI-4153,1,16.119,365.503
4092,TOI-4155,1,3.21,10.4
4093,TOI-4184,1,2.43,6.48
4094,TOI-4201,1,13.675,788.214
4096,TOI-4214,1,10.682,165.271
4097,TOI-4308,1,2.419,6.43
4099,TOI-4329,1,16.813,143.023
4100,TOI-4336 A,1,2.12,5.14
4102,TOI-4364,1,2.01,4.7
4103,TOI-4377,1,15.11,304.162
4104,TOI-4379,1,16.69,353.743
4105,TOI-4406,1,11.209,95.349
4106,TOI-4438,1,2.52,5.4
4107,TOI-444,1,2.77,8.1
4108,TOI-4443,1,1.719,3.6
4109,TOI-4463 A,1,13.26,252.356
4110,TOI-4465,1,14.011,1872.009
4111,TOI-4479,1,2.82,8.35
4112,TOI-4487 A,1,14.605,397.286
4113,TOI-4495,1,3.63,12.8
4115,TOI-4507,1,8.2,20.0
4117,TOI-4515,1,12.17,637.0
4118,TOI-4527,1,0.909,0.689
4119,TOI-4551,1,11.859,473.564
4120,TOI-4559,1,1.415,2.59
4122,TOI-4582,1,10.536,168.449
4124,TOI-4602,1,2.55,7.04
4125,TOI-4603,1,11.68,4096.808
4126,TOI-4633,1,3.2,123.0
4127,TOI-4638,1,2.933,8.92
4128,TOI-4641,1,8.183,1229.996
4129,TOI-4666,1,12.442,222.48
4130,TOI-470,1,4.34,17.4
4131,TOI-4734,1,10.918,61.659
4132,TOI-4773,1,15.222,1687.669
4133,TOI-4791,1,12.442,734.184
4134,TOI-4794,1,14.359,308.294
4135,TOI-480,1,2.854,20.8
4136,TOI-481,1,11.097,486.28
4137,TOI-4860,1,8.7,86.7
4138,TOI-4914,1,12.87,227.0
4139,TOI-4940,1,6.61,89.0
4140,TOI-4961,1,12.341,572.091
4141,TOI-4994,1,8.541,88.992
4143,TOI-5005,1,6.25,32.7
4144,TOI-5027,1,10.761,642.013
4145,TOI-5076,1,3.489,16.146
4146,TOI-5082,1,2.548,7.03
4147,TOI-5108,1,6.6,32.0
4148,TOI-5110,1,11.982,921.702
4149,TOI-512,1,1.54,3.57
4151,TOI-5143,1,16.253,
4152,TOI-5153,1,11.882,1036.121
4153,TOI-5174,1,5.351,24.8
4154,TOI-5181 A,1,13.35,330.542
4155,TOI-519,1,11.545,147.155
4156,TOI-5205,1,11.6,343.0
4157,TOI-521,1,1.98,5.3
4158,TOI-5210,1,10.727,82.0
4159,TOI-5218,1,9.86,657.0
4160,TOI-5232,1,12.778,743.718
4161,TOI-5238,1,5.22,23.7
4162,TOI-5261,1,11.601,3651.848
4163,TOI-5293 A,1,11.9,170.4
4164,TOI-530,1,9.303,127.131
4165,TOI-5300,1,9.864,190.697
4166,TOI-5301,1,13.092,1182.322
4167,TOI-5319,1,2.83,8.4
4168,TOI-532,1,5.82,61.5
4169,TOI-5322,1,16.612,184.023
4170,TOI-5340,1,15.076,270.154
4171,TOI-5344,1,10.604,130.945
4172,TOI-5349,1,10.2,127.4
4173,TOI-5350,1,12.42,2094.489
4174,TOI-5386 A,1,14.706,155.1
4175,TOI-5388,1,1.894,4.25
4177,TOI-540,1,0.903,0.674
4178,TOI-5422,1,9.102,8899.195
4181,TOI-5542,1,11.31,419.533
4182,TOI-5573,1,9.75,112.0
4183,TOI-558,1,12.173,1147.361
4184,TOI-559,1,12.229,1910.149
4185,TOI-5592,1,17.15,285.728
4187,TOI-5616,1,10.78,624.0
4188,TOI-5634 A,1,10.42,588.0
4189,TOI-564,1,11.433,464.985
4190,TOI-5678,1,4.91,20.0
4191,TOI-5688 A,1,10.3,124.0
4192,TOI-5704,1,3.227,10.5
4193,TOI-5713,1,1.77,3.78
4194,TOI-5716,1,0.96,0.84
4195,TOI-5720,1,1.09,4.3
4196,TOI-5726,1,2.554,7.05
4197,TOI-5728,1,1.31,2.27
4198,TOI-5736,1,1.56,3.05
4199,TOI-5786,1,8.54,73.0
4201,TOI-5795,1,5.62,23.66
4203,TOI-5800,1,2.46,9.5
4204,TOI-5803,1,3.273,10.7
4205,TOI-5817,1,3.08,10.3
4206,TOI-5882,1,11.467,6995.403
4207,TOI-6000,1,0.94,0.779
4208,TOI-6002,1,1.65,3.36
4209,TOI-6008,1,1.03,4.0
4210,TOI-6016,1,13.675,371.859
4211,TOI-6029,1,14.392,519.649
4212,TOI-6034,1,11.92,254.0
4213,TOI-6038 A,1,6.41,78.5
4216,TOI-6086,1,1.18,1.76
4218,TOI-6130,1,14.347,333.72
4219,TOI-615,1,18.977,138.255
4220,TOI-620,1,3.76,13.6
4221,TOI-622,1,9.236,96.302
4222,TOI-6223,1,5.07,22.6
4223,TOI-6255,1,1.079,1.44
4224,TOI-628,1,11.882,2011.864
4225,TOI-6303,1,11.59,2493.0
4226,TOI-6324,1,1.059,1.17
4227,TOI-6330,1,10.89,3179.0
4228,TOI-6383 A,1,11.29,331.0
4229,TOI-640,1,19.279,181.162
4230,TOI-6420,1,11.938,2606.193
4231,TOI-6448,1,8.474,54.0
4232,TOI-6478,1,4.6,19.2
4233,TOI-654,1,2.378,8.71
4234,TOI-6628,1,10.985,235.193
4236,TOI-6651,1,5.09,61.0
4237,TOI-669,1,2.586,10.0
4239,TOI-672,1,5.26,24.1
4240,TOI-674,1,5.25,23.6
4241,TOI-677,1,13.115,392.2
4242,TOI-6894,1,9.584,53.395
4244,TOI-7041,1,11.433,114.418
4246,TOI-7149,1,13.2,224.0
4247,TOI-715,1,1.55,3.02
4248,TOI-7166,1,2.01,4.7
4249,TOI-733,1,1.992,5.72
4252,TOI-757,1,2.5,10.5
4253,TOI-762 A,1,8.339,79.775
4257,TOI-778,1,15.4,878.0
4258,TOI-782,1,2.734,19.1
4259,TOI-813,1,6.71,36.4
4261,TOI-824,1,2.926,18.467
4262,TOI-833,1,1.27,2.15
4264,TOI-837,1,9.169,120.457
4265,TOI-849,1,3.64,41.8
4266,TOI-858 B,1,14.067,349.611
4267,TOI-871,1,1.664,3.41
4269,TOI-892,1,11.994,301.938
4271,TOI-905,1,13.126,211.993
4272,TOI-907,1,9.616,67.0
4273,TOI-908,1,3.186,16.137
4274,TOI-912,1,1.93,5.1
4275,TOI-913,1,2.453,6.59
4277,TOI-954,1,9.55,55.302
4280,TYC 0434-04538-1,1,12.7,1938.763
4282,TYC 2187-512-1,1,12.5,104.883
4283,TYC 3318-01333-1,1,13.1,1086.979
4284,TYC 3667-1280-1,1,12.8,1716.282
4285,TYC 4282-00605-1,1,12.4,3426.207
4288,TrES-1,1,12.666,266.977
4289,TrES-2,1,15.244,473.567
4290,TrES-3,1,14.975,607.03
4291,TrES-4,1,18.046,247.907
4292,TrES-5,1,13.384,568.916
4293,UCAC3 113-933,1,12.1,6674.397
4294,UCAC4 328-061594,1,12.1,6674.397
4295,UKIRT-2017-BLG-001L,1,13.7,407.0
4296,USco CTIO 108,1,12.3,4449.62
4297,USco1556 A,1,12.3,4767.45
4298,USco1621 A,1,12.2,5085.28
4300,V0391 Peg,1,13.1,1017.056
4302,V830 Tau,1,14.0,222.481
4303,VHS J125601.92-125723.9,1,13.675,5085.255
4304,WASP-1,1,16.623,271.415
4305,WASP-10,1,12.106,1001.12
4306,WASP-100,1,14.908,400.466
4307,WASP-101,1,16.029,162.093
4308,WASP-102,1,14.908,197.689
4309,WASP-103,1,17.127,473.547
4310,WASP-104,1,12.745,404.263
4311,WASP-105,1,10.761,572.094
4312,WASP-106,1,12.106,613.409
4314,WASP-108,1,15.132,283.503
4315,WASP-11,1,12.442,251.086
4316,WASP-110,1,13.193,154.782
4317,WASP-113,1,15.793,150.969
4318,WASP-114,1,15.009,562.241
4319,WASP-116,1,13.675,203.41
4320,WASP-117,1,11.882,95.349
4321,WASP-118,1,16.141,163.365
4322,WASP-119,1,15.693,390.931
4323,WASP-12,1,22.026,467.21
4324,WASP-120,1,15.58,1541.476
4325,WASP-121,1,19.526,371.859
4326,WASP-123,1,15.132,285.729
4327,WASP-124,1,13.899,190.698
4329,WASP-127,1,14.695,52.347
4330,WASP-129,1,10.424,317.83
4331,WASP-13,1,13.675,114.419
4332,WASP-130,1,9.976,390.931
4333,WASP-131,1,13.742,86.767
4335,WASP-133,1,13.563,368.683
4336,WASP-135,1,14.572,603.877
4337,WASP-136,1,16.813,479.921
4338,WASP-138,1,12.218,387.753
4339,WASP-139,1,8.967,37.186
4340,WASP-14,1,15.468,2809.617
4341,WASP-140,1,14.235,775.505
4342,WASP-141,1,13.563,854.963
4343,WASP-142,1,17.15,266.977
4344,WASP-144,1,9.528,139.845
4345,WASP-145 A,1,10.088,282.869
4346,WASP-147,1,12.498,87.403
4348,WASP-149,1,15.244,314.968
4349,WASP-15,1,15.805,171.628
4350,WASP-150,1,11.994,2688.842
4351,WASP-151,1,13.305,100.434
4352,WASP-153,1,17.374,123.954
4353,WASP-154,1,10.761,198.961
4354,WASP-155,1,13.451,276.829
4355,WASP-156,1,6.028,41.8
4356,WASP-157,1,11.19,182.434
4357,WASP-158,1,11.994,886.746
4358,WASP-159,1,15.468,174.806
4359,WASP-16,1,13.675,394.109
4360,WASP-160 B,1,12.218,88.357
4361,WASP-161,1,12.812,791.397
4362,WASP-162,1,11.209,1652.716
4363,WASP-163,1,13.473,594.342
4364,WASP-164,1,12.644,676.978
4365,WASP-165,1,14.123,209.132
4366,WASP-166,1,7.062,32.101
4367,WASP-167,1,17.71,2542.64
4368,WASP-168,1,16.814,133.489
4369,WASP-169,1,14.617,178.303
4370,WASP-17,1,20.961,247.907
4371,WASP-170,1,12.285,508.528
4372,WASP-171,1,10.985,344.528
4373,WASP-172,1,17.598,149.38
4374,WASP-173 A,1,13.451,1172.793
4375,WASP-174,1,16.107,104.883
4376,WASP-175,1,13.54,314.652
4377,WASP-176,1,16.87,271.745
4378,WASP-177,1,17.71,161.458
4379,WASP-178,1,20.288,527.598
4381,WASP-180 A,1,13.899,286.047
4382,WASP-181,1,13.271,95.031
4383,WASP-182,1,9.528,47.039
4384,WASP-183,1,16.477,159.551
4385,WASP-184,1,14.908,181.163
4386,WASP-185,1,14.011,311.473
4387,WASP-186,1,12.442,1341.243
4388,WASP-187,1,18.383,254.264
4389,WASP-188,1,14.818,458.626
4390,WASP-189,1,18.147,632.479
4391,WASP-19,1,15.861,366.774
4392,WASP-190,1,12.89,317.83
4393,WASP-192,1,13.787,731.009
4394,WASP-193,1,14.785,35.597
4395,WASP-194,1,15.48,373.131
4396,WASP-195,1,10.312,33.054
4397,WASP-197,1,14.448,403.324
4398,WASP-2,1,12.117,295.9
4399,WASP-20,1,15.468,98.841
4400,WASP-21,1,11.99,95.345
4401,WASP-22,1,13.787,212.946
4402,WASP-23,1,10.783,280.95
4403,WASP-24,1,15.468,394.109
4404,WASP-25,1,13.809,179.255
4405,WASP-26,1,13.563,270.156
4406,WASP-28,1,13.664,282.549
4407,WASP-29,1,8.631,73.101
4408,WASP-3,1,15.917,772.327
4409,WASP-31,1,17.363,151.916
4410,WASP-32,1,10.761,835.893
4411,WASP-33,1,17.856,665.218
4412,WASP-34,1,11.209,177.985
4413,WASP-35,1,14.572,225.659
4414,WASP-36,1,14.874,750.397
4415,WASP-37,1,13.002,572.07
4416,WASP-38,1,13.787,1093.335
4417,WASP-39,1,14.336,89.31
4418,WASP-4,1,15.121,381.394
4420,WASP-42,1,12.576,167.496
4421,WASP-43,1,10.424,565.714
4422,WASP-44,1,12.33,276.512
4423,WASP-45,1,10.604,306.388
4424,WASP-46,1,13.159,607.055
4426,WASP-48,1,16.814,254.264
4427,WASP-49,1,12.442,117.597
4428,WASP-5,1,12.184,502.15
4429,WASP-50,1,13.07,466.829
4430,WASP-52,1,14.24,146.2
4432,WASP-54,1,17.71,187.52
4433,WASP-55,1,14.729,186.247
4434,WASP-56,1,10.536,143.024
4435,WASP-57,1,11.769,204.683
4436,WASP-58,1,16.029,308.295
4437,WASP-59,1,8.687,274.276
4438,WASP-6,1,12.543,148.426
4439,WASP-60,1,9.864,174.806
4440,WASP-61,1,15.805,851.784
4441,WASP-62,1,14.796,165.272
4442,WASP-63,1,15.805,117.597
4443,WASP-64,1,14.247,403.945
4444,WASP-65,1,12.464,492.62
4445,WASP-66,1,15.693,746.9
4446,WASP-67,1,12.89,136.667
4447,WASP-68,1,14.796,343.256
4448,WASP-69,1,11.21,82.58
4449,WASP-7,1,14.908,305.117
4450,WASP-70 A,1,13.047,187.512
4451,WASP-71,1,13.227,441.784
4452,WASP-72,1,14.46,731.009
4453,WASP-73,1,15.917,908.994
4454,WASP-74,1,15.244,228.838
4455,WASP-75,1,14.235,340.06
4456,WASP-76,1,20.781,284.139
4457,WASP-77 A,1,13.56,529.311
4458,WASP-78,1,21.633,352.791
4459,WASP-79,1,17.15,270.154
4461,WASP-80,1,11.198,170.993
4462,WASP-81,1,16.018,231.698
4463,WASP-82,1,18.159,371.861
4464,WASP-83,1,11.657,95.349
4466,WASP-85 A,1,13.899,402.055
4467,WASP-87,1,15.524,692.869
4468,WASP-88,1,16.365,133.489
4469,WASP-89,1,11.657,1875.197
4470,WASP-90,1,18.271,200.233
4471,WASP-91,1,11.545,425.892
4472,WASP-92,1,16.376,255.853
4473,WASP-93,1,17.901,467.21
4474,WASP-94 A,1,17.71,158.915
4475,WASP-94 B,1,14.1,196.411
4476,WASP-95,1,13.787,457.675
4477,WASP-96,1,13.45,152.55
4478,WASP-97,1,12.778,432.249
4479,WASP-98,1,12.823,293.039
4480,WASP-99,1,11.433,772.327
4481,WD 0806-661,1,12.6,2542.627
4482,WD 1856+534,1,10.4,4386.054
4483,WISE J033605.05-014350.4,1,12.6,2622.084
4484,WISEP J121756.91+162640.2 A,1,10.468,6992.0
4486,WISPIT 2,1,17.934,1541.468
4487,WTS-1,1,16.7,1274.44
4488,WTS-2,1,15.278,355.97
4489,Wendelstein-1,1,11.561,188.155
4490,Wendelstein-2,1,12.993,232.334
4492,Wolf 1069,1,1.08,1.26
4493,Wolf 327,1,1.24,2.53
4494,Wolf 503,1,2.043,6.26
4495,XO-1,1,12.778,263.799
4496,XO-2 N,1,11.131,179.892
4498,XO-3,1,15.805,2316.981
4499,XO-4,1,14.011,451.319
4500,XO-5,1,12.78,378.2
4501,XO-6,1,23.203,1398.452
4502,XO-7,1,15.39,225.341
4504,ZTF J1230-2655,1,13.787,7024.008
4505,ZTF J1828+2308,1,11.131,6356.568
4506,alf Ari,1,13.4,572.07
4507,alf Tau,1,12.7,2056.36
4508,b Cen A,1,12.4,3464.33
4509,bet Cnc,1,12.6,2479.0
4511,bet UMi,1,12.7,1938.7
4512,eps CrB,1,12.7,2129.461
4513,eps Eri,1,14.1,209.767
4514,eps Ind A,1,12.7,2005.497
4515,eps Tau,1,12.7,2285.186
4516,gam Cep,1,12.7,2097.667
4518,gam Psc,1,13.6,425.89
4519,gam1 Leo,1,12.5,2790.43
4521,kap And,1,12.3,4327.36
4522,kap CrB,1,13.4,591.164
4523,mu Leo,1,13.3,762.8
4524,mu2 Sco,1,12.3,4576.729
4525,nu Oct A,1,13.3,696.044
4527,ome Ser,1,14.0,233.922
4528,omi CrB,1,13.7,355.968
4529,omi UMa,1,13.0,1160.392
4530,psi1 Dra B,1,13.5,486.28
4532,tau Boo,1,12.8,1891.0
4534,tau Gem,1,12.1,6547.0
4536,ups Leo,1,14.2,162.092
4537,xi Aql,1,13.4,616.905
